date,units_sold,recorded_sales_value,transaction_lines,active_promotion_count,active_all_target_promotions,active_targeted_promotions,max_scheduled_discount_pct
2022-01-01,9529.0,5796378.220000001,5068,0,0,0,0.0
2022-01-02,9637.0,5926177.210000001,5132,0,0,0,0.0
2022-01-03,9679.0,6028251.580000003,5163,0,0,0,0.0
2022-01-04,9749.0,5844144.770000002,5120,0,0,0,0.0
2022-01-05,9320.0,5830410.960000002,4970,0,0,0,0.0
2022-01-06,9464.0,5862412.67,5009,0,0,0,0.0
2022-01-07,9563.0,5938102.090000005,5109,0,0,0,0.0
2022-01-08,9640.0,6185634.77,5213,0,0,0,0.0
2022-01-09,9249.0,5779960.500000003,4874,0,0,0,0.0
2022-01-10,9605.0,6043313.170000004,5128,0,0,0,0.0
2022-01-11,9983.0,6230179.960000004,5285,0,0,0,0.0
2022-01-12,9838.0,6197122.2600000035,5228,0,0,0,0.0
2022-01-13,9447.0,5869979.090000002,5053,0,0,0,0.0
2022-01-14,9639.0,5793745.240000001,5134,0,0,0,0.0
2022-01-15,9570.0,5886777.880000004,5122,0,0,0,0.0
2022-01-16,9963.0,6047679.25,5262,0,0,0,0.0
2022-01-17,9852.0,6073948.070000003,5242,0,0,0,0.0
2022-01-18,9824.0,6138659.69,5182,0,0,0,0.0
2022-01-19,9737.0,6152217.870000003,5146,0,0,0,0.0
2022-01-20,9621.0,5944654.260000001,5034,0,0,0,0.0
2022-01-21,9825.0,5966670.660000001,5204,0,0,0,0.0
2022-01-22,10153.0,6360708.090000005,5358,0,0,0,0.0
2022-01-23,9644.0,5555726.610000001,5102,2,0,2,39.2
2022-01-24,9597.0,5481629.579999999,5078,2,0,2,39.2
2022-01-25,9840.0,5513270.460000001,5282,2,0,2,39.2
2022-01-26,9611.0,5253335.140000003,5017,2,0,2,39.2
2022-01-27,9427.0,5251946.020000001,5026,2,0,2,39.2
2022-01-28,9163.0,5246316.520000001,4935,2,0,2,39.2
2022-01-29,9624.0,5483544.6400000015,5117,2,0,2,39.2
2022-01-30,9896.0,6131486.030000003,5274,3,0,3,11.6
2022-01-31,9661.0,5964140.87,5122,3,0,3,11.6
2022-02-01,10078.0,6384592.360000002,5373,3,0,3,11.6
2022-02-02,10319.0,6120254.010000001,5541,3,0,3,11.6
2022-02-03,10211.0,6215417.170000007,5453,3,0,3,11.6
2022-02-04,10122.0,5807356.470000001,5381,4,0,4,48.6
2022-02-05,10260.0,6074064.450000005,5498,4,0,4,48.6
2022-02-06,9805.0,5805366.230000001,5250,4,0,4,48.6
2022-02-07,9577.0,5415173.180000001,5139,4,0,4,48.6
2022-02-08,9922.0,5884836.01,5296,4,0,4,48.6
2022-02-09,10171.0,5920920.880000003,5408,4,0,4,48.6
2022-02-10,9448.0,5640150.570000002,5024,4,0,4,48.6
2022-02-11,9638.0,5725766.710000002,5163,4,0,4,48.6
2022-02-12,9974.0,6095391.920000005,5354,4,0,4,48.6
2022-02-13,10240.0,6170786.15,5424,4,0,4,48.6
2022-02-14,10016.0,6137289.290000003,5274,3,0,3,11.6
2022-02-15,9616.0,5996364.830000002,5159,3,0,3,11.6
2022-02-16,10373.0,6497608.120000002,5461,3,0,3,11.6
2022-02-17,10451.0,6426806.920000006,5515,3,0,3,11.6
2022-02-18,10061.0,6345341.7200000025,5420,4,0,4,11.6
2022-02-19,9924.0,6140233.450000004,5330,3,0,3,11.6
2022-02-20,9846.0,6287405.300000003,5180,2,0,2,11.6
2022-02-21,9930.0,6160042.270000001,5285,2,0,2,11.6
2022-02-22,9965.0,6116958.500000004,5297,2,0,2,11.6
2022-02-23,10009.0,6296108.290000003,5343,2,0,2,11.6
2022-02-24,9832.0,6133962.420000005,5202,2,0,2,11.6
2022-02-25,10238.0,6445713.670000001,5388,1,0,1,10.3
2022-02-26,9880.0,6216953.950000002,5237,1,0,1,10.3
2022-02-27,9910.0,6180584.630000003,5175,1,0,1,10.3
2022-02-28,9893.0,6153131.270000001,5335,2,0,2,41.0
2022-03-01,10570.0,6549584.910000002,5594,2,0,2,41.0
2022-03-02,10400.0,6372958.990000004,5529,2,0,2,41.0
2022-03-03,10717.0,6461227.2700000005,5633,2,0,2,41.0
2022-03-04,10849.0,6635690.670000001,5795,1,0,1,41.0
2022-03-05,10711.0,6655916.290000003,5696,1,0,1,41.0
2022-03-06,11029.0,6701119.220000004,5808,1,0,1,41.0
2022-03-07,10657.0,6377874.030000001,5633,1,0,1,41.0
2022-03-08,10794.0,6729190.180000004,5718,1,0,1,41.0
2022-03-09,10846.0,6430344.660000003,5656,1,0,1,41.0
2022-03-10,10763.0,6782109.520000005,5735,1,0,1,41.0
2022-03-11,10519.0,6365006.840000002,5621,1,0,1,41.0
2022-03-12,10904.0,6704636.9300000025,5732,1,0,1,41.0
2022-03-13,10117.0,6291328.820000002,5441,1,0,1,41.0
2022-03-14,10755.0,6618235.480000002,5728,1,0,1,41.0
2022-03-15,10771.0,6839970.3800000055,5778,1,0,1,41.0
2022-03-16,11019.0,6896860.350000005,5828,1,0,1,41.0
2022-03-17,10902.0,6788753.910000003,5805,1,0,1,41.0
2022-03-18,10911.0,6671605.730000005,5787,1,0,1,41.0
2022-03-19,10182.0,6188930.820000004,5461,1,0,1,41.0
2022-03-20,10908.0,6551228.100000004,5832,1,0,1,41.0
2022-03-21,10604.0,6629607.780000003,5641,1,0,1,41.0
2022-03-22,11080.0,6584110.340000002,5915,1,0,1,41.0
2022-03-23,10985.0,6625828.150000003,5830,1,0,1,41.0
2022-03-24,10880.0,6659270.07,5735,1,0,1,41.0
2022-03-25,10680.0,6468493.060000002,5693,1,0,1,41.0
2022-03-26,10353.0,6356951.290000005,5528,1,0,1,41.0
2022-03-27,10480.0,6371049.880000002,5530,1,0,1,41.0
2022-03-28,10646.0,6583927.450000005,5698,0,0,0,0.0
2022-03-29,10815.0,6932972.710000003,5719,0,0,0,0.0
2022-03-30,10595.0,6605488.740000004,5604,0,0,0,0.0
2022-03-31,10659.0,6564495.380000003,5711,0,0,0,0.0
2022-04-01,11022.0,6847787.720000004,5814,0,0,0,0.0
2022-04-02,11235.0,6945124.220000003,5930,0,0,0,0.0
2022-04-03,10928.0,6840208.890000001,5758,0,0,0,0.0
2022-04-04,11217.0,6932242.0100000035,5971,0,0,0,0.0
2022-04-05,11010.0,6932540.220000006,5873,0,0,0,0.0
2022-04-06,10971.0,6945564.630000003,5866,0,0,0,0.0
2022-04-07,10627.0,6517537.900000002,5691,0,0,0,0.0
2022-04-08,11318.0,6857826.890000001,6105,0,0,0,0.0
2022-04-09,11033.0,6937108.350000006,5867,0,0,0,0.0
2022-04-10,11127.0,7037603.280000007,5919,0,0,0,0.0
2022-04-11,10820.0,6857990.740000005,5756,0,0,0,0.0
2022-04-12,11280.0,7067945.800000004,5998,0,0,0,0.0
2022-04-13,11321.0,7098280.510000004,6023,0,0,0,0.0
2022-04-14,10903.0,6809906.590000004,5741,0,0,0,0.0
2022-04-15,11124.0,6653394.1,5878,0,0,0,0.0
2022-04-16,11433.0,7318659.980000002,6068,0,0,0,0.0
2022-04-17,11116.0,6776395.130000002,5814,0,0,0,0.0
2022-04-18,11104.0,6691449.620000001,5928,1,0,1,43.4
2022-04-19,11131.0,6804194.160000002,5844,1,0,1,43.4
2022-04-20,10892.0,6810793.050000006,5801,1,0,1,43.4
2022-04-21,10928.0,6693968.630000002,5781,1,0,1,43.4
2022-04-22,10724.0,6547429.600000003,5714,1,0,1,43.4
2022-04-23,10660.0,6631432.720000004,5729,1,0,1,43.4
2022-04-24,11308.0,7142095.020000001,6074,1,0,1,43.4
2022-04-25,10370.0,6199699.669999999,5565,1,0,1,43.4
2022-04-26,10856.0,6830664.410000004,5795,1,0,1,43.4
2022-04-27,11149.0,6829547.150000005,5858,2,0,2,43.4
2022-04-28,10987.0,6614192.520000002,5798,2,0,2,43.4
2022-04-29,10882.0,6768158.010000002,5739,2,0,2,43.4
2022-04-30,10781.0,6805130.620000003,5741,2,0,2,43.4
2022-05-01,11625.0,7263151.760000004,6105,2,0,2,43.4
2022-05-02,11187.0,6848888.950000004,5947,2,0,2,43.4
2022-05-03,11646.0,7403951.840000004,6191,2,0,2,43.4
2022-05-04,11340.0,7007193.4200000055,6085,2,0,2,43.4
2022-05-05,10982.0,6782928.660000002,5856,2,0,2,43.4
2022-05-06,11097.0,6945281.540000004,5912,1,0,1,43.3
2022-05-07,11370.0,7082436.100000001,6059,1,0,1,43.3
2022-05-08,11444.0,6989737.300000001,6095,1,0,1,43.3
2022-05-09,11377.0,7111023.940000003,5977,1,0,1,43.3
2022-05-10,11324.0,6969688.3500000015,6118,1,0,1,43.3
2022-05-11,11147.0,6839561.890000004,5917,1,0,1,43.3
2022-05-12,11325.0,7027753.100000007,5977,1,0,1,43.3
2022-05-13,11570.0,7217814.910000004,6187,1,0,1,43.3
2022-05-14,11123.0,6742744.850000004,5933,1,0,1,43.3
2022-05-15,10851.0,6700204.060000003,5772,1,0,1,43.3
2022-05-16,11737.0,7345255.9200000055,6222,1,0,1,43.3
2022-05-17,11549.0,7127651.230000007,6131,1,0,1,43.3
2022-05-18,11040.0,6706526.020000002,5872,1,0,1,43.3
2022-05-19,11396.0,6884518.3900000015,6110,1,0,1,43.3
2022-05-20,11367.0,7100459.570000002,6052,1,0,1,43.3
2022-05-21,11374.0,7224553.180000006,5991,1,0,1,43.3
2022-05-22,11197.0,6990645.730000004,6020,1,0,1,43.3
2022-05-23,11575.0,7438677.590000006,6143,1,0,1,43.3
2022-05-24,11345.0,7068772.570000001,6008,1,0,1,43.3
2022-05-25,11647.0,7214651.170000002,6159,1,0,1,43.3
2022-05-26,11337.0,6983681.620000004,5992,1,0,1,43.3
2022-05-27,11259.0,7156483.880000005,5999,1,0,1,43.3
2022-05-28,11152.0,3903383.5699999984,5908,1,1,0,42.8
2022-05-29,11446.0,4053240.3500000006,6096,1,1,0,42.8
2022-05-30,11143.0,4008766.319999998,5909,1,1,0,42.8
2022-05-31,11154.0,3911350.8099999996,5923,1,1,0,42.8
2022-06-01,11838.0,4206623.689999998,6275,1,1,0,42.8
2022-06-02,11779.0,4190823.449999997,6197,1,1,0,42.8
2022-06-03,11776.0,4210010.399999998,6140,1,1,0,42.8
2022-06-04,11754.0,4163737.499999997,6176,1,1,0,42.8
2022-06-05,11395.0,4036738.9199999995,6050,1,1,0,42.8
2022-06-06,11713.0,4225467.109999998,6245,1,1,0,42.8
2022-06-07,11946.0,4276553.559999998,6363,1,1,0,42.8
2022-06-08,12129.0,4269407.0299999975,6446,1,1,0,42.8
2022-06-09,11803.0,4201417.789999994,6211,1,1,0,42.8
2022-06-10,11954.0,4270871.3199999975,6313,1,1,0,42.8
2022-06-11,12240.0,4395551.169999997,6467,1,1,0,42.8
2022-06-12,11868.0,4191338.9599999967,6255,1,1,0,42.8
2022-06-13,11704.0,4166034.9999999953,6273,1,1,0,42.8
2022-06-14,11904.0,4287226.509999998,6267,1,1,0,42.8
2022-06-15,11677.0,4202780.959999999,6311,1,1,0,42.8
2022-06-16,11806.0,4182078.859999996,6350,2,1,1,42.8
2022-06-17,11629.0,4130826.9399999985,6099,2,1,1,42.8
2022-06-18,11767.0,4036853.9999999995,6206,2,1,1,42.8
2022-06-19,11815.0,7523255.610000005,6280,1,0,1,5.8
2022-06-20,11913.0,7563528.099999999,6293,1,0,1,5.8
2022-06-21,11892.0,7515415.570000002,6262,1,0,1,5.8
2022-06-22,11594.0,7109409.020000007,6198,1,0,1,5.8
2022-06-23,11647.0,7201881.330000003,6191,1,0,1,5.8
2022-06-24,11439.0,7002710.310000004,6024,1,0,1,5.8
2022-06-25,11644.0,7235723.980000003,6222,1,0,1,5.8
2022-06-26,11679.0,7347278.660000004,6184,0,0,0,0.0
2022-06-27,11750.0,7419044.410000002,6301,0,0,0,0.0
2022-06-28,11547.0,7168872.8000000045,6134,0,0,0,0.0
2022-06-29,11478.0,7056797.310000005,6174,0,0,0,0.0
2022-06-30,11538.0,7110826.340000003,6148,0,0,0,0.0
2022-07-01,10816.0,6742223.080000004,5730,0,0,0,0.0
2022-07-02,11075.0,7028520.500000001,5968,0,0,0,0.0
2022-07-03,10693.0,6411801.050000006,5771,1,0,1,43.7
2022-07-04,10522.0,6421362.050000003,5620,1,0,1,43.7
2022-07-05,10732.0,6555039.530000004,5789,1,0,1,43.7
2022-07-06,10711.0,6510063.570000002,5677,1,0,1,43.7
2022-07-07,10872.0,6723089.459999999,5755,1,0,1,43.7
2022-07-08,10525.0,6591459.110000001,5576,1,0,1,43.7
2022-07-09,10718.0,6360512.030000003,5697,1,0,1,43.7
2022-07-10,10731.0,6525504.570000002,5671,1,0,1,43.7
2022-07-11,11123.0,6875242.880000004,5909,1,0,1,43.7
2022-07-12,10642.0,6360842.26,5627,1,0,1,43.7
2022-07-13,10718.0,6686777.500000003,5691,1,0,1,43.7
2022-07-14,10643.0,6677784.940000001,5650,1,0,1,43.7
2022-07-15,10550.0,6263558.239999998,5579,1,0,1,43.7
2022-07-16,10715.0,6371006.710000001,5741,1,0,1,43.7
2022-07-17,11021.0,6945031.87,5867,2,0,2,43.7
2022-07-18,10777.0,6595020.090000003,5702,2,0,2,43.7
2022-07-19,10919.0,6625767.039999999,5768,2,0,2,43.7
2022-07-20,11061.0,6680839.4600000065,5826,2,0,2,43.7
2022-07-21,10733.0,6438437.01,5731,2,0,2,43.7
2022-07-22,10514.0,6315314.099999998,5588,2,0,2,43.7
2022-07-23,11043.0,6876394.680000002,5821,2,0,2,43.7
2022-07-24,10473.0,6591688.210000005,5588,1,0,1,19.1
2022-07-25,10961.0,6954765.540000001,5790,1,0,1,19.1
2022-07-26,10374.0,6496996.140000005,5472,1,0,1,19.1
2022-07-27,10831.0,6831923.770000004,5708,1,0,1,19.1
2022-07-28,10862.0,6718720.900000004,5795,1,0,1,19.1
2022-07-29,10480.0,6541273.879999996,5595,1,0,1,19.1
2022-07-30,10598.0,6682343.700000001,5573,1,0,1,19.1
2022-07-31,10559.0,6623033.93,5681,0,0,0,0.0
2022-08-01,12473.0,7837264.1300000055,6598,0,0,0,0.0
2022-08-02,12049.0,7368509.250000001,6406,0,0,0,0.0
2022-08-03,11925.0,7475274.280000005,6261,0,0,0,0.0
2022-08-04,11884.0,7359433.530000002,6260,0,0,0,0.0
2022-08-05,11725.0,7350494.290000004,6274,0,0,0,0.0
2022-08-06,11635.0,7251629.270000004,6209,0,0,0,0.0
2022-08-07,11955.0,7377063.1300000055,6246,0,0,0,0.0
2022-08-08,11454.0,7139670.280000005,6180,0,0,0,0.0
2022-08-09,11400.0,6873852.9,6057,0,0,0,0.0
2022-08-10,12014.0,7627559.940000003,6374,0,0,0,0.0
2022-08-11,11678.0,7385531.470000005,6205,0,0,0,0.0
2022-08-12,11656.0,7162310.890000006,6182,0,0,0,0.0
2022-08-13,11615.0,7212548.310000006,6143,0,0,0,0.0
2022-08-14,12050.0,7626261.650000004,6336,0,0,0,0.0
2022-08-15,11417.0,7045814.660000004,6151,0,0,0,0.0
2022-08-16,11829.0,7327871.580000005,6224,0,0,0,0.0
2022-08-17,11663.0,7300917.750000006,6193,0,0,0,0.0
2022-08-18,12084.0,7498748.560000006,6377,0,0,0,0.0
2022-08-19,12369.0,7530749.110000004,6600,0,0,0,0.0
2022-08-20,12242.0,7702040.4200000055,6505,0,0,0,0.0
2022-08-21,11983.0,7432794.250000003,6435,0,0,0,0.0
2022-08-22,11918.0,7304521.540000005,6334,0,0,0,0.0
2022-08-23,11845.0,7509585.080000004,6355,0,0,0,0.0
2022-08-24,11688.0,7248880.130000004,6220,0,0,0,0.0
2022-08-25,11797.0,7445417.990000008,6352,0,0,0,0.0
2022-08-26,12007.0,7385723.800000006,6398,0,0,0,0.0
2022-08-27,11726.0,6594054.019999998,6263,1,1,0,9.0
2022-08-28,11659.0,6546429.89,6288,1,1,0,9.0
2022-08-29,12196.0,7066344.139999992,6428,1,1,0,9.0
2022-08-30,11746.0,6554520.920000001,6259,1,1,0,9.0
2022-08-31,11931.0,6742365.779999999,6429,1,1,0,9.0
2022-09-01,12425.0,7004206.219999999,6506,1,1,0,9.0
2022-09-02,12366.0,7031470.649999997,6540,1,1,0,9.0
2022-09-03,12131.0,6864543.000000002,6525,1,1,0,9.0
2022-09-04,12062.0,6644724.719999997,6440,1,1,0,9.0
2022-09-05,12454.0,7028459.649999998,6649,1,1,0,9.0
2022-09-06,12402.0,6726209.779999997,6561,1,1,0,9.0
2022-09-07,12141.0,6856211.009999999,6477,1,1,0,9.0
2022-09-08,12505.0,7804912.310000004,6708,0,0,0,0.0
2022-09-09,12259.0,7749581.530000003,6452,0,0,0,0.0
2022-09-10,12061.0,7381878.529999999,6428,1,0,1,42.5
2022-09-11,12283.0,7491281.280000005,6470,1,0,1,42.5
2022-09-12,12392.0,7660241.540000007,6587,1,0,1,42.5
2022-09-13,12172.0,7600118.350000008,6485,1,0,1,42.5
2022-09-14,12306.0,7660857.560000004,6553,1,0,1,42.5
2022-09-15,12107.0,7466178.270000002,6488,1,0,1,42.5
2022-09-16,12267.0,7735395.570000003,6513,1,0,1,42.5
2022-09-17,12383.0,7734054.070000006,6551,1,0,1,42.5
2022-09-18,12123.0,7533363.350000003,6414,1,0,1,42.5
2022-09-19,12157.0,7582053.200000004,6490,1,0,1,42.5
2022-09-20,12467.0,7592200.310000008,6666,1,0,1,42.5
2022-09-21,12118.0,7635762.73000001,6409,1,0,1,42.5
2022-09-22,11995.0,7581090.440000002,6403,1,0,1,42.5
2022-09-23,12076.0,7333846.810000004,6482,1,0,1,42.5
2022-09-24,12061.0,7619705.180000006,6385,1,0,1,42.5
2022-09-25,12196.0,7435211.880000004,6399,1,0,1,42.5
2022-09-26,12414.0,7813728.660000008,6603,1,0,1,42.5
2022-09-27,12423.0,7764988.480000008,6635,1,0,1,42.5
2022-09-28,12203.0,7486053.670000003,6529,1,0,1,42.5
2022-09-29,12388.0,7730580.070000005,6609,1,0,1,42.5
2022-09-30,12149.0,7466699.800000003,6520,1,0,1,42.5
2022-10-01,12035.0,7674649.880000005,6413,1,0,1,42.5
2022-10-02,11551.0,7120076.510000006,6230,1,0,1,42.5
2022-10-03,12031.0,7501238.590000007,6359,1,0,1,42.5
2022-10-04,12029.0,7539054.150000006,6355,1,0,1,42.5
2022-10-05,12048.0,7433407.090000005,6375,1,0,1,42.5
2022-10-06,11879.0,7400042.840000002,6313,1,0,1,42.5
2022-10-07,11539.0,7061754.250000005,6182,1,0,1,42.5
2022-10-08,12205.0,7385632.440000003,6517,1,0,1,42.5
2022-10-09,12147.0,7469988.560000007,6472,1,0,1,42.5
2022-10-10,11982.0,7476634.280000007,6387,1,0,1,42.5
2022-10-11,11332.0,7026170.700000004,6086,0,0,0,0.0
2022-10-12,11992.0,7392494.300000006,6438,0,0,0,0.0
2022-10-13,11747.0,7518219.230000002,6169,0,0,0,0.0
2022-10-14,12293.0,7612000.580000008,6475,0,0,0,0.0
2022-10-15,12014.0,7549066.780000002,6341,0,0,0,0.0
2022-10-16,12216.0,7612280.4600000065,6453,0,0,0,0.0
2022-10-17,11985.0,7480549.9600000065,6352,0,0,0,0.0
2022-10-18,11762.0,7096277.530000004,6284,0,0,0,0.0
2022-10-19,12057.0,7702657.660000003,6431,1,0,1,26.0
2022-10-20,11852.0,7303861.900000003,6304,1,0,1,26.0
2022-10-21,12029.0,7379758.029999999,6373,1,0,1,26.0
2022-10-22,12217.0,7785209.990000006,6392,1,0,1,26.0
2022-10-23,11817.0,7303482.620000007,6279,1,0,1,26.0
2022-10-24,11908.0,7202323.290000001,6361,1,0,1,26.0
2022-10-25,12067.0,7515029.320000006,6432,2,0,2,32.6
2022-10-26,12061.0,7530747.890000004,6474,2,0,2,32.6
2022-10-27,11813.0,7360996.080000004,6351,2,0,2,32.6
2022-10-28,11639.0,7387995.070000004,6201,2,0,2,32.6
2022-10-29,12217.0,7628304.970000003,6520,2,0,2,32.6
2022-10-30,11699.0,7260416.390000005,6277,2,0,2,32.6
2022-10-31,12000.0,7714018.780000006,6370,2,0,2,32.6
2022-11-01,14540.0,8906653.540000008,7682,2,0,2,32.6
2022-11-02,14592.0,9004322.310000006,7738,2,0,2,32.6
2022-11-03,14075.0,8691014.470000004,7538,2,0,2,32.6
2022-11-04,14464.0,8948301.850000005,7701,2,0,2,32.6
2022-11-05,14554.0,9159894.390000006,7717,2,0,2,32.6
2022-11-06,14241.0,8632745.540000008,7674,2,0,2,32.6
2022-11-07,14788.0,9158938.820000008,7938,2,0,2,32.6
2022-11-08,14495.0,8980442.210000006,7721,2,0,2,32.6
2022-11-09,14535.0,9061288.850000003,7648,2,0,2,32.6
2022-11-10,14306.0,8917791.190000003,7660,1,0,1,26.0
2022-11-11,15028.0,9290894.64000001,7910,1,0,1,26.0
2022-11-12,14204.0,8745240.250000007,7652,1,0,1,26.0
2022-11-13,14594.0,9035541.530000005,7715,1,0,1,26.0
2022-11-14,14311.0,8882868.020000003,7645,1,0,1,26.0
2022-11-15,14128.0,8887882.660000006,7625,0,0,0,0.0
2022-11-16,14419.0,8734659.730000004,7708,1,0,1,45.5
2022-11-17,14301.0,8826835.330000013,7631,1,0,1,45.5
2022-11-18,14282.0,8771048.65000001,7600,1,0,1,45.5
2022-11-19,14214.0,8609634.230000008,7618,1,0,1,45.5
2022-11-20,14434.0,8810866.520000009,7692,1,0,1,45.5
2022-11-21,14623.0,9371811.620000003,7776,1,0,1,45.5
2022-11-22,14811.0,9136383.270000007,7802,1,0,1,45.5
2022-11-23,14613.0,9107148.420000006,7701,2,0,2,45.5
2022-11-24,14979.0,9029353.950000007,7919,1,0,1,19.1
2022-11-25,15023.0,9268965.140000004,7921,1,0,1,19.1
2022-11-26,14628.0,8791672.780000009,7775,1,0,1,19.1
2022-11-27,14599.0,8887597.010000005,7711,1,0,1,19.1
2022-11-28,14362.0,8814133.240000004,7683,1,0,1,19.1
2022-11-29,14805.0,9240538.830000013,7858,1,0,1,19.1
2022-11-30,14321.0,8602498.880000003,7548,1,0,1,19.1
2022-12-01,15715.0,9867615.580000006,8400,1,0,1,19.1
2022-12-02,15735.0,9607103.120000007,8387,1,0,1,19.1
2022-12-03,15910.0,9705366.5,8394,1,0,1,19.1
2022-12-04,15499.0,9481893.010000011,8255,1,0,1,19.1
2022-12-05,15751.0,9820143.080000008,8414,1,0,1,19.1
2022-12-06,15612.0,9599316.39000001,8359,1,0,1,19.1
2022-12-07,15620.0,9495210.800000008,8328,1,0,1,19.1
2022-12-08,15992.0,9584395.000000011,8500,2,0,2,19.1
2022-12-09,15715.0,9417230.840000002,8398,2,0,2,19.1
2022-12-10,15436.0,9467718.95000001,8215,2,0,2,19.1
2022-12-11,15547.0,9428321.050000012,8230,1,0,1,8.6
2022-12-12,15981.0,9492909.340000007,8429,1,0,1,8.6
2022-12-13,15750.0,9542147.280000003,8456,1,0,1,8.6
2022-12-14,15642.0,9503645.000000006,8268,2,0,2,21.2
2022-12-15,15736.0,9469866.340000005,8325,2,0,2,21.2
2022-12-16,15401.0,9438095.570000008,8110,2,0,2,21.2
2022-12-17,15802.0,9613224.680000003,8412,2,0,2,21.2
2022-12-18,15446.0,9462899.520000005,8205,2,0,2,21.2
2022-12-19,15881.0,9711502.520000001,8420,2,0,2,21.2
2022-12-20,15884.0,9729266.060000004,8402,2,0,2,21.2
2022-12-21,15735.0,9529788.840000002,8343,2,0,2,21.2
2022-12-22,16006.0,9772353.190000001,8594,2,0,2,21.2
2022-12-23,16315.0,10010513.93000001,8675,2,0,2,21.2
2022-12-24,15810.0,9619338.250000006,8468,2,0,2,21.2
2022-12-25,15329.0,9062411.810000002,8289,2,0,2,21.2
2022-12-26,15777.0,9589848.000000011,8374,2,0,2,21.2
2022-12-27,15419.0,9399862.14000001,8262,2,0,2,21.2
2022-12-28,16164.0,9926563.220000008,8540,1,0,1,8.6
2022-12-29,16337.0,9903693.760000004,8710,1,0,1,8.6
2022-12-30,15680.0,9501475.020000003,8359,1,0,1,8.6
2022-12-31,15745.0,9440564.320000008,8361,1,0,1,8.6
2023-01-01,10270.0,6267306.109999998,5460,1,0,1,8.6
2023-01-02,10181.0,6018197.590000002,5491,1,0,1,8.6
2023-01-03,10427.0,6446119.920000003,5548,1,0,1,8.6
2023-01-04,10397.0,6353041.569999999,5479,1,0,1,8.6
2023-01-05,10402.0,6371023.700000003,5553,1,0,1,8.6
2023-01-06,10056.0,6231543.300000002,5388,0,0,0,0.0
2023-01-07,10219.0,6377587.540000004,5460,0,0,0,0.0
2023-01-08,9972.0,6265505.060000004,5295,0,0,0,0.0
2023-01-09,10358.0,6312585.490000003,5482,0,0,0,0.0
2023-01-10,10077.0,6279095.530000001,5507,0,0,0,0.0
2023-01-11,10219.0,6286243.810000005,5439,0,0,0,0.0
2023-01-12,10124.0,6269651.490000004,5354,0,0,0,0.0
2023-01-13,10400.0,6282883.1000000015,5484,0,0,0,0.0
2023-01-14,10743.0,6759522.360000001,5700,0,0,0,0.0
2023-01-15,9955.0,6179010.410000004,5378,0,0,0,0.0
2023-01-16,10360.0,6361899.870000001,5401,1,0,1,12.3
2023-01-17,10029.0,6089752.620000002,5341,1,0,1,12.3
2023-01-18,10177.0,6314441.600000001,5432,1,0,1,12.3
2023-01-19,9831.0,6235452.800000002,5298,1,0,1,12.3
2023-01-20,10418.0,6296413.3100000005,5468,1,0,1,12.3
2023-01-21,10255.0,6353122.650000001,5508,1,0,1,12.3
2023-01-22,9963.0,6303121.340000003,5261,1,0,1,12.3
2023-01-23,10533.0,6497302.240000003,5568,1,0,1,12.3
2023-01-24,9917.0,6166073.130000003,5289,1,0,1,12.3
2023-01-25,10541.0,6475796.0,5629,1,0,1,12.3
2023-01-26,10564.0,6599683.0,5610,1,0,1,12.3
2023-01-27,10321.0,6440879.030000003,5407,1,0,1,12.3
2023-01-28,10431.0,6369854.940000003,5533,1,0,1,12.3
2023-01-29,9732.0,6007736.280000001,5249,1,0,1,12.3
2023-01-30,9884.0,6091414.51,5308,1,0,1,12.3
2023-01-31,10184.0,6349158.34,5431,1,0,1,12.3
2023-02-01,11063.0,6961572.9799999995,5857,1,0,1,12.3
2023-02-02,11046.0,6821971.390000004,5780,1,0,1,12.3
2023-02-03,10638.0,6539087.730000001,5633,1,0,1,12.3
2023-02-04,10584.0,6613367.360000005,5580,1,0,1,12.3
2023-02-05,11013.0,6741776.600000001,5861,1,0,1,12.3
2023-02-06,10468.0,6322752.9200000055,5549,1,0,1,12.3
2023-02-07,10836.0,6657538.050000003,5763,1,0,1,12.3
2023-02-08,10772.0,6777963.549999998,5707,1,0,1,12.3
2023-02-09,10584.0,6548430.420000004,5601,1,0,1,12.3
2023-02-10,10394.0,6390600.210000007,5511,1,0,1,12.3
2023-02-11,10571.0,6479864.200000001,5654,1,0,1,12.3
2023-02-12,10685.0,6681306.460000004,5626,1,0,1,12.3
2023-02-13,10788.0,6723976.36,5699,0,0,0,0.0
2023-02-14,10734.0,6708875.040000004,5718,0,0,0,0.0
2023-02-15,10332.0,6308982.959999998,5513,0,0,0,0.0
2023-02-16,10447.0,6558979.800000004,5670,0,0,0,0.0
2023-02-17,10834.0,6773878.750000004,5717,0,0,0,0.0
2023-02-18,10464.0,6554237.760000003,5600,0,0,0,0.0
2023-02-19,10384.0,6208948.780000005,5479,0,0,0,0.0
2023-02-20,10407.0,6556834.470000003,5536,0,0,0,0.0
2023-02-21,10549.0,6537302.470000002,5633,0,0,0,0.0
2023-02-22,11157.0,7005901.930000005,5858,0,0,0,0.0
2023-02-23,10476.0,6560901.510000003,5589,0,0,0,0.0
2023-02-24,10413.0,6305025.290000004,5612,1,0,1,49.1
2023-02-25,10513.0,6319103.0500000045,5536,1,0,1,49.1
2023-02-26,10279.0,6342032.310000001,5500,2,0,2,49.1
2023-02-27,10828.0,6527886.010000005,5749,2,0,2,49.1
2023-02-28,10349.0,6331231.400000002,5557,2,0,2,49.1
2023-03-01,11390.0,6851306.180000004,6038,2,0,2,49.1
2023-03-02,11288.0,7028753.170000005,5996,2,0,2,49.1
2023-03-03,11441.0,7057716.960000005,6084,2,0,2,49.1
2023-03-04,11124.0,6828675.770000005,5919,2,0,2,49.1
2023-03-05,11285.0,6830731.170000004,6004,2,0,2,49.1
2023-03-06,11151.0,6982805.760000005,5919,2,0,2,49.1
2023-03-07,11501.0,6862463.250000006,6118,2,0,2,27.8
2023-03-08,11043.0,6285051.410000002,5890,2,0,2,27.8
2023-03-09,11510.0,6404836.210000005,6118,3,1,2,27.8
2023-03-10,11173.0,6257574.930000006,5904,3,1,2,27.8
2023-03-11,11673.0,6648966.910000004,6209,2,1,1,27.8
2023-03-12,11574.0,6375632.330000005,6135,2,1,1,27.8
2023-03-13,11589.0,6077414.000000003,6108,3,1,2,31.1
2023-03-14,11669.0,6234768.4200000055,6207,3,1,2,31.1
2023-03-15,11308.0,5965725.000000003,6012,3,1,2,31.1
2023-03-16,11423.0,5937598.820000003,6081,3,1,2,31.1
2023-03-17,11338.0,5982630.35,6024,3,1,2,31.1
2023-03-18,11530.0,6065515.130000003,6110,3,1,2,31.1
2023-03-19,10994.0,5741428.530000002,5874,3,1,2,31.1
2023-03-20,11638.0,6271418.070000003,6138,4,1,3,31.1
2023-03-21,11342.0,6007376.310000002,6019,4,1,3,31.1
2023-03-22,11339.0,6212096.7,6035,3,0,3,31.1
2023-03-23,11251.0,6373813.170000005,6070,3,0,3,31.1
2023-03-24,11807.0,6662421.7600000035,6269,3,0,3,31.1
2023-03-25,11248.0,6336851.030000002,5907,3,0,3,31.1
2023-03-26,11413.0,6263564.250000004,6038,3,0,3,31.1
2023-03-27,11009.0,6138718.429999999,5879,3,0,3,31.1
2023-03-28,11310.0,6387171.3900000015,6032,3,0,3,31.1
2023-03-29,11123.0,6198273.660000006,5971,3,0,3,31.1
2023-03-30,11333.0,6334692.300000004,6043,3,0,3,31.1
2023-03-31,11063.0,6629277.320000004,5959,2,0,2,31.1
2023-04-01,11988.0,7119512.850000005,6273,2,0,2,31.1
2023-04-02,11398.0,6874444.630000003,6032,2,0,2,31.1
2023-04-03,11540.0,6764630.320000001,6121,2,0,2,31.1
2023-04-04,11674.0,6981026.100000005,6198,2,0,2,31.1
2023-04-05,11055.0,6296022.180000004,5957,2,0,2,31.1
2023-04-06,11998.0,6932418.870000003,6385,2,0,2,31.1
2023-04-07,11560.0,6881574.520000005,6098,2,0,2,31.1
2023-04-08,11746.0,6933440.200000005,6215,2,0,2,31.1
2023-04-09,11507.0,5463750.610000006,6198,3,1,2,31.1
2023-04-10,11515.0,5474648.700000002,6097,3,1,2,31.1
2023-04-11,11531.0,5602448.330000005,6155,3,1,2,31.1
2023-04-12,11791.0,5487780.5500000045,6221,4,2,2,31.1
2023-04-13,12024.0,5805042.260000003,6336,2,2,0,21.9
2023-04-14,11665.0,5555128.950000005,6126,2,2,0,21.9
2023-04-15,11980.0,5760905.830000002,6277,2,2,0,21.9
2023-04-16,11795.0,5831778.53,6291,2,2,0,21.9
2023-04-17,11891.0,5759269.970000004,6335,2,2,0,21.9
2023-04-18,11596.0,5561027.290000003,6134,2,2,0,21.9
2023-04-19,12077.0,7649919.430000003,6470,0,0,0,0.0
2023-04-20,12459.0,7874654.800000006,6507,0,0,0,0.0
2023-04-21,11554.0,6963916.330000005,6180,0,0,0,0.0
2023-04-22,11845.0,7500740.360000004,6333,0,0,0,0.0
2023-04-23,11704.0,7243939.620000003,6208,0,0,0,0.0
2023-04-24,11456.0,7020862.490000002,6114,0,0,0,0.0
2023-04-25,11302.0,7224827.450000001,6038,0,0,0,0.0
2023-04-26,11648.0,7212170.330000005,6216,0,0,0,0.0
2023-04-27,11803.0,7328773.460000006,6310,0,0,0,0.0
2023-04-28,11834.0,7343155.080000005,6351,0,0,0,0.0
2023-04-29,11647.0,7353084.890000002,6186,0,0,0,0.0
2023-04-30,11557.0,7278176.320000007,6111,0,0,0,0.0
2023-05-01,11820.0,7376416.960000003,6297,0,0,0,0.0
2023-05-02,12115.0,7433720.290000004,6379,0,0,0,0.0
2023-05-03,12343.0,7591619.340000006,6534,0,0,0,0.0
2023-05-04,11788.0,7533360.200000002,6328,0,0,0,0.0
2023-05-05,12398.0,7823686.620000005,6543,0,0,0,0.0
2023-05-06,11888.0,7567688.110000002,6334,0,0,0,0.0
2023-05-07,12399.0,7713187.680000001,6547,0,0,0,0.0
2023-05-08,12018.0,7437204.910000005,6356,0,0,0,0.0
2023-05-09,12424.0,7591657.760000004,6593,0,0,0,0.0
2023-05-10,11976.0,7478522.550000004,6362,0,0,0,0.0
2023-05-11,12049.0,7376229.750000002,6339,0,0,0,0.0
2023-05-12,12408.0,7687628.760000004,6563,0,0,0,0.0
2023-05-13,11727.0,7432056.660000001,6193,0,0,0,0.0
2023-05-14,12000.0,7059208.030000002,6362,0,0,0,0.0
2023-05-15,11839.0,7360120.510000002,6235,0,0,0,0.0
2023-05-16,11751.0,7218179.4600000065,6244,0,0,0,0.0
2023-05-17,12299.0,7518050.860000006,6473,0,0,0,0.0
2023-05-18,11776.0,7309183.860000005,6286,0,0,0,0.0
2023-05-19,12016.0,7528416.510000006,6354,0,0,0,0.0
2023-05-20,12493.0,7742279.5900000045,6578,0,0,0,0.0
2023-05-21,12075.0,7468502.610000005,6354,0,0,0,0.0
2023-05-22,11822.0,7316748.770000004,6304,0,0,0,0.0
2023-05-23,11810.0,7448354.260000004,6328,0,0,0,0.0
2023-05-24,11862.0,7636545.900000003,6309,0,0,0,0.0
2023-05-25,12018.0,7570044.070000004,6380,0,0,0,0.0
2023-05-26,12001.0,7667966.620000008,6427,0,0,0,0.0
2023-05-27,11988.0,7385891.860000002,6378,0,0,0,0.0
2023-05-28,11993.0,7510525.390000004,6365,0,0,0,0.0
2023-05-29,11914.0,7270701.960000005,6318,0,0,0,0.0
2023-05-30,12003.0,7550198.820000003,6439,0,0,0,0.0
2023-05-31,11991.0,7412870.440000006,6450,0,0,0,0.0
2023-06-01,12365.0,4616992.479999996,6564,1,1,0,39.9
2023-06-02,12141.0,4538353.769999994,6453,1,1,0,39.9
2023-06-03,12306.0,4579624.319999996,6565,1,1,0,39.9
2023-06-04,12282.0,4648699.339999996,6560,2,2,0,39.9
2023-06-05,12253.0,4588340.059999996,6549,2,2,0,39.9
2023-06-06,12001.0,4434313.929999995,6327,2,2,0,39.9
2023-06-07,12798.0,5145291.779999997,6718,3,2,1,39.9
2023-06-08,12233.0,4908869.449999997,6520,3,2,1,39.9
2023-06-09,12040.0,4895001.439999997,6410,3,2,1,39.9
2023-06-10,12362.0,5016572.649999995,6592,3,2,1,39.9
2023-06-11,12289.0,5974277.340000001,6501,2,1,1,23.4
2023-06-12,12148.0,7373247.700000008,6497,1,0,1,15.5
2023-06-13,13078.0,7949192.800000006,6944,1,0,1,15.5
2023-06-14,12682.0,7698657.570000008,6718,1,0,1,15.5
2023-06-15,12229.0,7295370.230000006,6499,1,0,1,15.5
2023-06-16,12505.0,7494137.400000007,6670,1,0,1,15.5
2023-06-17,12276.0,7298771.820000008,6529,1,0,1,15.5
2023-06-18,12256.0,7393905.660000008,6550,1,0,1,15.5
2023-06-19,11930.0,7072823.160000005,6365,1,0,1,15.5
2023-06-20,12370.0,7459307.480000002,6611,1,0,1,15.5
2023-06-21,12458.0,7693264.100000006,6626,0,0,0,0.0
2023-06-22,12078.0,7481689.000000006,6445,0,0,0,0.0
2023-06-23,12498.0,7847247.850000005,6732,0,0,0,0.0
2023-06-24,12783.0,7900829.280000006,6837,0,0,0,0.0
2023-06-25,12594.0,7724176.120000004,6826,0,0,0,0.0
2023-06-26,12530.0,7749882.050000006,6695,0,0,0,0.0
2023-06-27,12881.0,7983678.220000004,6787,0,0,0,0.0
2023-06-28,12319.0,7780463.690000005,6600,1,0,1,8.1
2023-06-29,12211.0,7559665.090000002,6577,2,0,2,13.4
2023-06-30,12326.0,7442948.790000009,6590,2,0,2,13.4
2023-07-01,11418.0,7058357.159999999,6062,2,0,2,13.4
2023-07-02,11186.0,6833438.630000001,5980,2,0,2,13.4
2023-07-03,11393.0,7081572.440000005,6068,2,0,2,13.4
2023-07-04,11233.0,6940967.3800000055,6068,2,0,2,13.4
2023-07-05,11090.0,6766136.770000002,5968,2,0,2,13.4
2023-07-06,11314.0,7024525.720000004,6000,2,0,2,13.4
2023-07-07,10847.0,6796329.220000001,5765,2,0,2,13.4
2023-07-08,11240.0,6935755.1800000025,6025,2,0,2,13.4
2023-07-09,11440.0,7244462.400000005,6085,1,0,1,13.4
2023-07-10,11553.0,7386722.930000005,6065,1,0,1,13.4
2023-07-11,11080.0,6884391.070000006,5920,1,0,1,13.4
2023-07-12,11301.0,6950634.380000006,6028,1,0,1,13.4
2023-07-13,11908.0,7205203.51,6284,1,0,1,13.4
2023-07-14,11277.0,6702565.7600000035,6032,1,0,1,13.4
2023-07-15,11211.0,7063964.8900000015,6009,1,0,1,13.4
2023-07-16,11057.0,6455387.240000003,5876,2,0,2,24.8
2023-07-17,11329.0,6672048.770000004,6105,2,0,2,24.8
2023-07-18,11251.0,6945596.620000005,5935,1,0,1,24.8
2023-07-19,11367.0,6675006.500000005,6034,1,0,1,24.8
2023-07-20,11204.0,6832899.310000004,5962,1,0,1,24.8
2023-07-21,10999.0,6301712.070000002,5924,1,0,1,24.8
2023-07-22,11779.0,6965762.650000004,6193,1,0,1,24.8
2023-07-23,11250.0,3724002.0100000007,5990,2,1,1,49.7
2023-07-24,11272.0,3747251.9699999997,5979,2,1,1,49.7
2023-07-25,11017.0,3668894.780000005,5864,2,1,1,49.7
2023-07-26,10879.0,3697851.270000004,5817,2,1,1,49.7
2023-07-27,11304.0,3787992.960000002,6016,2,1,1,49.7
2023-07-28,10753.0,3642859.5900000026,5773,2,1,1,49.7
2023-07-29,11512.0,3848305.5600000015,6078,2,1,1,49.7
2023-07-30,11492.0,3840137.2300000032,6118,2,1,1,49.7
2023-07-31,11228.0,3647274.9000000013,5998,2,1,1,49.7
2023-08-01,12709.0,4220214.580000005,6719,2,1,1,49.7
2023-08-02,12157.0,4093561.620000003,6580,2,1,1,49.7
2023-08-03,13069.0,4397324.990000003,6955,2,1,1,49.7
2023-08-04,12057.0,3956923.4900000035,6395,2,1,1,49.7
2023-08-05,12601.0,4269660.120000001,6690,3,1,2,49.7
2023-08-06,12941.0,4568896.400000003,6889,3,1,2,49.7
2023-08-07,12880.0,4394126.810000003,6807,3,1,2,49.7
2023-08-08,12552.0,4226201.900000003,6593,3,1,2,49.7
2023-08-09,12809.0,7506994.560000006,6838,2,0,2,24.8
2023-08-10,12792.0,7625166.940000003,6776,2,0,2,24.8
2023-08-11,12989.0,8025305.280000008,6850,1,0,1,24.1
2023-08-12,13021.0,8104101.360000005,6925,1,0,1,24.1
2023-08-13,12901.0,7910280.660000009,6835,1,0,1,24.1
2023-08-14,12900.0,8060646.420000006,6929,1,0,1,24.1
2023-08-15,12665.0,8015774.260000005,6732,1,0,1,24.1
2023-08-16,12547.0,7611106.020000006,6657,1,0,1,24.1
2023-08-17,12360.0,7641490.190000006,6579,1,0,1,24.1
2023-08-18,12238.0,7656406.500000001,6529,2,0,2,24.1
2023-08-19,12336.0,6621289.809999998,6547,3,1,2,24.1
2023-08-20,12822.0,6962156.199999997,6854,4,1,3,31.2
2023-08-21,13284.0,7317022.319999996,6982,4,1,3,31.2
2023-08-22,12530.0,6720363.859999995,6736,4,1,3,31.2
2023-08-23,12294.0,6776898.099999994,6548,4,1,3,31.2
2023-08-24,12914.0,7063637.3599999985,6771,4,1,3,31.2
2023-08-25,12889.0,6938436.279999997,6827,4,1,3,31.2
2023-08-26,12578.0,6719813.149999997,6700,4,1,3,31.2
2023-08-27,12650.0,6836399.699999992,6746,4,1,3,31.2
2023-08-28,12649.0,6999546.939999993,6655,3,1,2,31.2
2023-08-29,12413.0,6794587.279999991,6560,3,1,2,31.2
2023-08-30,12978.0,6859524.429999993,6902,3,1,2,31.2
2023-08-31,12157.0,6500230.889999996,6448,3,1,2,31.2
2023-09-01,13438.0,7307313.94,7158,3,1,2,31.2
2023-09-02,12824.0,6830208.709999995,6888,3,1,2,31.2
2023-09-03,12735.0,6796602.439999996,6775,2,1,1,31.2
2023-09-04,13004.0,7075529.589999995,6948,1,1,0,12.7
2023-09-05,12976.0,6955252.0299999975,6779,1,1,0,12.7
2023-09-06,13186.0,7155757.869999992,6924,1,1,0,12.7
2023-09-07,12756.0,6997951.769999994,6812,1,1,0,12.7
2023-09-08,13460.0,7355183.629999995,7162,1,1,0,12.7
2023-09-09,12944.0,7105913.339999991,6903,1,1,0,12.7
2023-09-10,13254.0,7149482.209999996,7046,1,1,0,12.7
2023-09-11,13104.0,7189363.709999996,6920,1,1,0,12.7
2023-09-12,13100.0,7079020.309999998,6901,2,1,1,23.8
2023-09-13,12985.0,7072437.099999998,6853,2,1,1,23.8
2023-09-14,13099.0,7126992.1899999995,6981,2,1,1,23.8
2023-09-15,12932.0,7112564.629999995,6822,2,1,1,23.8
2023-09-16,13040.0,8166941.110000006,6862,1,0,1,23.8
2023-09-17,12786.0,7809563.660000008,6833,1,0,1,23.8
2023-09-18,13041.0,8222418.850000007,6938,1,0,1,23.8
2023-09-19,12979.0,7766787.370000007,6825,1,0,1,23.8
2023-09-20,12946.0,7849486.800000006,6911,1,0,1,23.8
2023-09-21,12988.0,7949710.810000001,6840,1,0,1,23.8
2023-09-22,13510.0,8524516.850000009,7165,1,0,1,23.8
2023-09-23,13160.0,8227821.450000009,6972,2,0,2,23.8
2023-09-24,12921.0,7936926.160000008,6924,2,0,2,23.8
2023-09-25,12858.0,7876413.320000006,6917,2,0,2,23.8
2023-09-26,12913.0,7947316.670000006,6899,2,0,2,23.8
2023-09-27,13179.0,8119489.010000005,6973,2,0,2,23.8
2023-09-28,13009.0,8078214.030000009,6871,2,0,2,23.8
2023-09-29,13329.0,8137900.9600000065,7070,2,0,2,23.8
2023-09-30,12933.0,8027987.790000007,6928,2,0,2,23.8
2023-10-01,12727.0,7822017.140000007,6761,2,0,2,23.8
2023-10-02,12658.0,7864996.270000006,6749,2,0,2,23.8
2023-10-03,12313.0,7654795.420000007,6593,2,0,2,23.8
2023-10-04,12820.0,8077315.810000002,6750,1,0,1,6.8
2023-10-05,13426.0,8458592.570000004,7067,1,0,1,6.8
2023-10-06,12987.0,7990434.900000007,6917,1,0,1,6.8
2023-10-07,12091.0,7616903.430000007,6460,1,0,1,6.8
2023-10-08,12362.0,7823536.110000008,6622,1,0,1,6.8
2023-10-09,12943.0,8308108.890000004,6903,1,0,1,6.8
2023-10-10,12248.0,7725412.120000003,6526,1,0,1,6.8
2023-10-11,12409.0,7763261.72,6545,1,0,1,6.8
2023-10-12,12104.0,7438227.740000002,6397,1,0,1,6.8
2023-10-13,12612.0,7735434.180000003,6708,1,0,1,6.8
2023-10-14,12937.0,8112904.700000004,6870,1,0,1,6.8
2023-10-15,12921.0,7572734.3800000055,6882,2,0,2,44.3
2023-10-16,12429.0,7241432.390000007,6570,1,0,1,44.3
2023-10-17,12728.0,7482436.270000003,6833,1,0,1,44.3
2023-10-18,12614.0,7322605.620000004,6689,1,0,1,44.3
2023-10-19,12785.0,7147834.070000006,6807,2,0,2,48.9
2023-10-20,12357.0,7115398.160000005,6556,2,0,2,48.9
2023-10-21,12699.0,7324003.490000009,6727,2,0,2,48.9
2023-10-22,12311.0,7064410.6700000055,6604,2,0,2,48.9
2023-10-23,12333.0,7190031.960000006,6571,2,0,2,48.9
2023-10-24,13096.0,7626670.700000007,6868,2,0,2,48.9
2023-10-25,12492.0,7144336.020000007,6574,1,0,1,44.3
2023-10-26,12773.0,7408450.700000005,6748,1,0,1,44.3
2023-10-27,12329.0,7244382.230000006,6552,2,0,2,44.3
2023-10-28,13034.0,7636476.370000006,6980,2,0,2,44.3
2023-10-29,12615.0,7205320.400000006,6684,2,0,2,44.3
2023-10-30,12374.0,7154387.0600000005,6584,2,0,2,44.3
2023-10-31,12732.0,7393455.990000003,6736,2,0,2,44.3
2023-11-01,15557.0,9128607.930000005,8084,2,0,2,44.3
2023-11-02,15524.0,9201373.650000012,8129,2,0,2,44.3
2023-11-03,15750.0,9200021.590000005,8362,3,0,3,44.3
2023-11-04,15797.0,9104523.780000009,8365,3,0,3,44.3
2023-11-05,15360.0,8842078.880000008,8203,3,0,3,44.3
2023-11-06,15898.0,9677366.920000007,8422,3,0,3,44.3
2023-11-07,15019.0,9069663.180000005,8001,3,0,3,44.3
2023-11-08,15706.0,9649308.210000008,8275,3,0,3,44.3
2023-11-09,15572.0,9381934.320000002,8268,3,0,3,44.3
2023-11-10,15477.0,9615251.380000008,8165,2,0,2,37.6
2023-11-11,15911.0,9490719.810000008,8393,2,0,2,37.6
2023-11-12,15438.0,9393394.080000013,8240,2,0,2,37.6
2023-11-13,15563.0,9225023.330000004,8240,2,0,2,37.6
2023-11-14,15144.0,9018235.240000006,8091,2,0,2,37.6
2023-11-15,16015.0,9471732.930000003,8437,2,0,2,37.6
2023-11-16,15239.0,9395133.83000001,8100,2,0,2,37.6
2023-11-17,16110.0,10045664.280000012,8608,2,0,2,37.6
2023-11-18,15285.0,9493692.830000004,8139,2,0,2,37.6
2023-11-19,15498.0,9289305.830000008,8198,1,0,1,15.1
2023-11-20,15298.0,9191043.350000005,8190,1,0,1,15.1
2023-11-21,15467.0,9398304.990000013,8199,1,0,1,15.1
2023-11-22,15708.0,9736103.880000006,8244,1,0,1,15.1
2023-11-23,14986.0,9155351.450000001,8043,1,0,1,15.1
2023-11-24,15017.0,9262904.960000008,8075,1,0,1,15.1
2023-11-25,15311.0,9422373.910000004,8181,1,0,1,15.1
2023-11-26,15454.0,9292713.990000008,8251,1,0,1,15.1
2023-11-27,15440.0,9541910.370000014,8183,1,0,1,15.1
2023-11-28,15417.0,9414758.540000012,8187,1,0,1,15.1
2023-11-29,15438.0,9151925.220000008,8293,1,0,1,15.1
2023-11-30,15829.0,9624169.580000008,8433,1,0,1,15.1
2023-12-01,16574.0,10369014.080000004,8849,0,0,0,0.0
2023-12-02,16939.0,10289435.830000008,8963,0,0,0,0.0
2023-12-03,16594.0,9998851.290000012,8752,1,0,1,7.0
2023-12-04,16581.0,10453843.850000013,8870,1,0,1,7.0
2023-12-05,16506.0,10194140.730000008,8809,1,0,1,7.0
2023-12-06,16461.0,10125419.870000005,8800,1,0,1,7.0
2023-12-07,16804.0,10385092.98000001,8853,1,0,1,7.0
2023-12-08,16542.0,10498809.960000006,8874,1,0,1,7.0
2023-12-09,17212.0,10675211.150000012,9112,1,0,1,7.0
2023-12-10,17111.0,10633648.150000006,9096,0,0,0,0.0
2023-12-11,16663.0,10392522.840000011,8985,0,0,0,0.0
2023-12-12,16809.0,10420780.080000015,8973,0,0,0,0.0
2023-12-13,16641.0,10585042.92000001,8804,0,0,0,0.0
2023-12-14,16997.0,10388492.870000001,9114,0,0,0,0.0
2023-12-15,16278.0,10136117.300000014,8649,0,0,0,0.0
2023-12-16,16979.0,10659293.75000001,9041,0,0,0,0.0
2023-12-17,17108.0,10491449.520000003,9037,0,0,0,0.0
2023-12-18,16792.0,10457253.450000007,8820,0,0,0,0.0
2023-12-19,16920.0,10537787.07000001,9068,0,0,0,0.0
2023-12-20,16894.0,10353263.760000015,9046,0,0,0,0.0
2023-12-21,17064.0,10732843.370000005,8974,0,0,0,0.0
2023-12-22,16495.0,10245658.580000015,8843,0,0,0,0.0
2023-12-23,16164.0,6991819.229999992,8697,1,1,0,29.9
2023-12-24,16613.0,7217486.579999994,8877,1,1,0,29.9
2023-12-25,17022.0,7501748.749999995,8951,2,1,1,29.9
2023-12-26,16812.0,7447802.309999994,8894,2,1,1,29.9
2023-12-27,16800.0,7364618.829999992,8908,2,1,1,29.9
2023-12-28,16374.0,7192362.679999995,8731,2,1,1,29.9
2023-12-29,16801.0,7167496.209999993,8914,2,1,1,29.9
2023-12-30,16253.0,7110500.7199999895,8635,2,1,1,29.9
2023-12-31,16248.0,7113916.269999994,8702,2,1,1,29.9
2024-01-01,11097.0,4749934.149999995,5911,2,1,1,29.9
2024-01-02,10873.0,4745105.909999997,5706,2,1,1,29.9
2024-01-03,10444.0,4473461.699999998,5554,2,1,1,29.9
2024-01-04,10836.0,6671213.930000004,5810,1,0,1,17.2
2024-01-05,11128.0,6800020.290000004,5931,1,0,1,17.2
2024-01-06,10510.0,6593857.210000005,5600,1,0,1,17.2
2024-01-07,10980.0,6858189.960000002,5920,1,0,1,17.2
2024-01-08,10762.0,6509505.560000002,5685,1,0,1,17.2
2024-01-09,11085.0,7145437.280000007,5888,1,0,1,17.2
2024-01-10,10712.0,6665528.0500000045,5660,1,0,1,17.2
2024-01-11,10820.0,6771600.350000003,5773,1,0,1,17.2
2024-01-12,10889.0,6710119.030000002,5765,1,0,1,17.2
2024-01-13,11105.0,7152177.350000005,5883,1,0,1,17.2
2024-01-14,10622.0,6670285.980000004,5673,1,0,1,17.2
2024-01-15,10675.0,6615369.240000003,5732,1,0,1,17.2
2024-01-16,10110.0,6220217.920000003,5365,1,0,1,17.2
2024-01-17,10719.0,6678541.780000001,5725,0,0,0,0.0
2024-01-18,10341.0,6365030.050000002,5562,0,0,0,0.0
2024-01-19,10683.0,6530565.530000003,5672,0,0,0,0.0
2024-01-20,11009.0,6786272.870000002,5857,0,0,0,0.0
2024-01-21,10898.0,6723292.6000000015,5811,0,0,0,0.0
2024-01-22,10785.0,3416709.2299999986,5703,1,1,0,48.2
2024-01-23,10570.0,3456603.8999999994,5585,1,1,0,48.2
2024-01-24,11202.0,3569362.999999997,5967,1,1,0,48.2
2024-01-25,10554.0,3371367.92,5610,2,1,1,48.2
2024-01-26,11346.0,3595995.899999998,6022,2,1,1,48.2
2024-01-27,10872.0,3528314.329999999,5769,2,1,1,48.2
2024-01-28,10669.0,3439006.499999999,5626,2,1,1,48.2
2024-01-29,10587.0,3326092.61,5631,2,1,1,48.2
2024-01-30,10634.0,3376851.9099999988,5660,2,1,1,48.2
2024-01-31,10928.0,6428471.740000004,5775,1,0,1,44.4
2024-02-01,11123.0,6779375.220000006,5889,1,0,1,44.4
2024-02-02,10629.0,6637148.280000004,5690,1,0,1,44.4
2024-02-03,11078.0,6668653.290000007,5837,1,0,1,44.4
2024-02-04,11085.0,6782725.340000005,5853,1,0,1,44.4
2024-02-05,10971.0,6840420.980000006,5832,0,0,0,0.0
2024-02-06,10903.0,6588115.240000004,5798,0,0,0,0.0
2024-02-07,11248.0,6797299.200000002,5957,0,0,0,0.0
2024-02-08,10701.0,6803326.730000001,5673,0,0,0,0.0
2024-02-09,10797.0,6623192.990000003,5708,0,0,0,0.0
2024-02-10,10717.0,6756644.8000000045,5657,0,0,0,0.0
2024-02-11,10852.0,6916188.270000003,5774,0,0,0,0.0
2024-02-12,11192.0,6790088.250000005,5982,0,0,0,0.0
2024-02-13,10989.0,7055405.840000005,5881,0,0,0,0.0
2024-02-14,10791.0,6903256.370000007,5763,0,0,0,0.0
2024-02-15,10491.0,6460372.9300000025,5589,0,0,0,0.0
2024-02-16,10784.0,6519966.890000004,5679,0,0,0,0.0
2024-02-17,10494.0,6438575.730000006,5605,0,0,0,0.0
2024-02-18,11408.0,6907378.090000003,6055,0,0,0,0.0
2024-02-19,10514.0,6508594.900000004,5622,0,0,0,0.0
2024-02-20,11276.0,6957084.040000001,6012,0,0,0,0.0
2024-02-21,10756.0,6604261.110000003,5773,0,0,0,0.0
2024-02-22,10720.0,6652829.870000004,5749,0,0,0,0.0
2024-02-23,10864.0,6569430.310000001,5759,0,0,0,0.0
2024-02-24,10983.0,6922661.740000004,5834,0,0,0,0.0
2024-02-25,10741.0,6666923.500000003,5746,0,0,0,0.0
2024-02-26,11022.0,6963309.330000005,5767,0,0,0,0.0
2024-02-27,10905.0,6868448.700000003,5717,0,0,0,0.0
2024-02-28,10858.0,6693854.2100000065,5715,0,0,0,0.0
2024-02-29,10957.0,6804345.930000003,5826,0,0,0,0.0
2024-03-01,11991.0,7420117.720000005,6354,0,0,0,0.0
2024-03-02,12060.0,7440383.340000003,6394,0,0,0,0.0
2024-03-03,11837.0,7301097.390000003,6295,0,0,0,0.0
2024-03-04,11773.0,7484695.480000005,6248,0,0,0,0.0
2024-03-05,11824.0,7215509.610000002,6360,0,0,0,0.0
2024-03-06,11736.0,4149770.319999999,6317,1,1,0,43.8
2024-03-07,12435.0,4263205.370000001,6574,1,1,0,43.8
2024-03-08,11999.0,4135440.450000001,6384,1,1,0,43.8
2024-03-09,11358.0,4072407.3600000013,6100,1,1,0,43.8
2024-03-10,12156.0,4184590.020000001,6441,1,1,0,43.8
2024-03-11,11889.0,4084574.32,6343,1,1,0,43.8
2024-03-12,12038.0,4244927.709999999,6442,1,1,0,43.8
2024-03-13,12158.0,4210991.9399999995,6440,1,1,0,43.8
2024-03-14,11657.0,4101066.850000001,6171,1,1,0,43.8
2024-03-15,11474.0,4100445.820000001,6176,1,1,0,43.8
2024-03-16,11504.0,3893930.09,6064,1,1,0,43.8
2024-03-17,11908.0,4235103.869999999,6310,1,1,0,43.8
2024-03-18,12215.0,4242001.58,6495,1,1,0,43.8
2024-03-19,12098.0,4185139.59,6401,1,1,0,43.8
2024-03-20,12181.0,4162688.8600000013,6474,1,1,0,43.8
2024-03-21,12445.0,4460228.2,6614,1,1,0,43.8
2024-03-22,12285.0,4253269.6499999985,6467,1,1,0,43.8
2024-03-23,12041.0,4243032.279999999,6436,2,2,0,46.0
2024-03-24,11782.0,4126433.8100000024,6328,2,2,0,46.0
2024-03-25,12008.0,4171915.3099999973,6413,3,3,0,49.8
2024-03-26,11936.0,4150108.6099999994,6385,3,3,0,49.8
2024-03-27,11917.0,4173729.9300000016,6299,3,3,0,49.8
2024-03-28,11817.0,4133852.22,6224,3,3,0,49.8
2024-03-29,11830.0,4191460.9000000013,6343,3,3,0,49.8
2024-03-30,11964.0,4286319.639999999,6353,3,3,0,49.8
2024-03-31,11825.0,4077929.5199999996,6325,3,3,0,49.8
2024-04-01,12237.0,4168417.3499999996,6571,3,3,0,49.8
2024-04-02,12523.0,4298021.689999999,6632,3,3,0,49.8
2024-04-03,12544.0,3866770.3900000034,6565,2,2,0,49.8
2024-04-04,12124.0,3701879.7800000035,6465,2,2,0,49.8
2024-04-05,12423.0,3968310.879999999,6589,2,2,0,49.8
2024-04-06,12636.0,3968176.6300000018,6691,2,2,0,49.8
2024-04-07,12637.0,3945306.6000000034,6704,2,2,0,49.8
2024-04-08,12343.0,3765642.5500000026,6631,2,2,0,49.8
2024-04-09,12492.0,3960545.2900000014,6651,1,1,0,49.8
2024-04-10,12348.0,3780244.48,6516,1,1,0,49.8
2024-04-11,12221.0,3807970.2100000004,6461,1,1,0,49.8
2024-04-12,12713.0,3902588.7800000007,6743,1,1,0,49.8
2024-04-13,12593.0,3860409.1200000015,6681,1,1,0,49.8
2024-04-14,12281.0,3884888.420000002,6536,1,1,0,49.8
2024-04-15,12695.0,3857996.8100000005,6728,2,1,1,49.8
2024-04-16,12091.0,3683368.7100000037,6431,2,1,1,49.8
2024-04-17,12415.0,3704893.160000002,6544,2,1,1,49.8
2024-04-18,12439.0,7495025.410000006,6624,2,0,2,30.9
2024-04-19,12721.0,7776145.230000009,6769,2,0,2,30.9
2024-04-20,12046.0,7498872.170000004,6460,2,0,2,30.9
2024-04-21,12476.0,7776266.700000004,6656,2,0,2,30.9
2024-04-22,12777.0,7816941.680000009,6790,2,0,2,30.9
2024-04-23,12423.0,7636472.930000004,6612,2,0,2,30.9
2024-04-24,12818.0,8053466.520000007,6762,2,0,2,30.9
2024-04-25,12266.0,7846234.550000004,6552,1,0,1,5.9
2024-04-26,12400.0,7666940.810000007,6612,1,0,1,5.9
2024-04-27,12380.0,7702259.140000004,6592,1,0,1,5.9
2024-04-28,12295.0,7862480.720000003,6528,1,0,1,5.9
2024-04-29,12681.0,7872876.220000004,6657,1,0,1,5.9
2024-04-30,12393.0,7498289.870000005,6520,1,0,1,5.9
2024-05-01,12461.0,7912551.0500000045,6625,1,0,1,5.9
2024-05-02,12894.0,7895623.040000008,6864,1,0,1,5.9
2024-05-03,12355.0,7635114.100000005,6560,1,0,1,5.9
2024-05-04,12339.0,7905040.450000006,6541,1,0,1,5.9
2024-05-05,12817.0,8023720.400000004,6757,1,0,1,5.9
2024-05-06,12371.0,7469562.520000003,6583,2,0,2,18.4
2024-05-07,12436.0,7382412.060000006,6569,2,0,2,18.4
2024-05-08,12309.0,7471740.140000007,6575,2,0,2,18.4
2024-05-09,12552.0,7535774.430000004,6678,2,0,2,18.4
2024-05-10,12588.0,5406465.089999995,6680,2,1,1,32.8
2024-05-11,12433.0,5409141.599999996,6652,2,1,1,32.8
2024-05-12,12704.0,5512040.949999993,6804,2,1,1,32.8
2024-05-13,12616.0,5446630.609999993,6789,2,1,1,32.8
2024-05-14,12809.0,5523798.799999994,6737,2,1,1,32.8
2024-05-15,12495.0,5353405.509999996,6624,2,1,1,32.8
2024-05-16,12575.0,5478696.039999992,6666,2,1,1,32.8
2024-05-17,12829.0,5549478.519999992,6877,2,1,1,32.8
2024-05-18,12504.0,5439068.019999992,6633,3,1,2,44.9
2024-05-19,12759.0,5417768.159999994,6816,3,1,2,44.9
2024-05-20,12315.0,7443436.570000003,6529,2,0,2,44.9
2024-05-21,12710.0,7537982.490000007,6713,2,0,2,44.9
2024-05-22,13035.0,7933476.030000008,6928,2,0,2,44.9
2024-05-23,12685.0,7614180.910000008,6744,2,0,2,44.9
2024-05-24,12573.0,7507893.870000007,6710,2,0,2,44.9
2024-05-25,12824.0,7664715.390000003,6783,2,0,2,44.9
2024-05-26,12919.0,7804867.81000001,6866,2,0,2,44.9
2024-05-27,12830.0,7798369.650000008,6793,2,0,2,44.9
2024-05-28,12525.0,7317441.580000007,6693,2,0,2,44.9
2024-05-29,12845.0,7863883.730000008,6786,2,0,2,44.9
2024-05-30,12608.0,7698476.370000005,6703,2,0,2,44.9
2024-05-31,12109.0,7405373.520000004,6384,1,0,1,44.9
2024-06-01,12965.0,7827796.280000005,6934,1,0,1,44.9
2024-06-02,13297.0,8143670.260000005,7068,1,0,1,44.9
2024-06-03,13861.0,8570054.110000007,7279,1,0,1,44.9
2024-06-04,13176.0,8037241.230000005,6958,1,0,1,44.9
2024-06-05,12760.0,7854909.630000005,6781,1,0,1,44.9
2024-06-06,13106.0,8017438.170000006,6975,1,0,1,44.9
2024-06-07,13292.0,8016777.620000001,7008,1,0,1,44.9
2024-06-08,13297.0,8254050.150000005,6978,1,0,1,44.9
2024-06-09,12920.0,7844258.580000006,6917,1,0,1,44.9
2024-06-10,13443.0,8322607.110000007,7205,1,0,1,44.9
2024-06-11,13336.0,8284010.780000007,7120,1,0,1,44.9
2024-06-12,13447.0,8259502.580000006,7087,1,0,1,44.9
2024-06-13,13254.0,6961476.76,7026,2,1,1,44.9
2024-06-14,13344.0,6980567.290000003,7131,2,1,1,44.9
2024-06-15,13154.0,6986302.32,6983,2,1,1,44.9
2024-06-16,12850.0,7045873.1,6855,1,1,0,14.1
2024-06-17,13190.0,6935463.710000003,7098,1,1,0,14.1
2024-06-18,13045.0,6782313.8500000015,6925,2,1,1,28.0
2024-06-19,12912.0,6962253.99,6867,2,1,1,28.0
2024-06-20,13144.0,7134085.200000001,6958,2,1,1,28.0
2024-06-21,13226.0,6269032.740000006,7042,3,2,1,28.0
2024-06-22,12651.0,6015067.760000005,6843,3,2,1,28.0
2024-06-23,13176.0,6233398.320000005,6968,3,2,1,28.0
2024-06-24,13117.0,6202454.610000002,6971,3,2,1,28.0
2024-06-25,12720.0,6082204.510000002,6793,3,2,1,28.0
2024-06-26,13186.0,6215296.5500000045,7067,4,2,2,48.5
2024-06-27,13124.0,6353870.000000006,7083,4,2,2,48.5
2024-06-28,13350.0,6693789.880000005,7096,4,2,2,48.5
2024-06-29,12544.0,6051986.200000007,6712,4,2,2,48.5
2024-06-30,13264.0,6412539.360000002,7003,4,2,2,48.5
2024-07-01,11874.0,5724926.130000001,6295,4,2,2,48.5
2024-07-02,12441.0,5959643.699999999,6585,4,2,2,48.5
2024-07-03,12344.0,5972821.160000004,6538,4,2,2,48.5
2024-07-04,11948.0,5765400.870000004,6347,4,2,2,48.5
2024-07-05,11494.0,5469394.550000002,6162,4,2,2,48.5
2024-07-06,11848.0,5748347.03,6316,4,2,2,48.5
2024-07-07,12161.0,5939648.310000003,6462,4,2,2,48.5
2024-07-08,12210.0,5693559.680000002,6499,4,2,2,48.5
2024-07-09,12410.0,5791416.630000002,6648,4,2,2,48.5
2024-07-10,12185.0,5857038.860000003,6422,4,2,2,48.5
2024-07-11,11619.0,5492348.450000001,6262,4,2,2,48.5
2024-07-12,11974.0,5776416.740000006,6350,3,1,2,48.5
2024-07-13,12154.0,5899933.0,6488,2,1,1,48.5
2024-07-14,12215.0,5686085.840000003,6463,2,1,1,48.5
2024-07-15,11792.0,5735751.470000001,6291,2,1,1,48.5
2024-07-16,12107.0,5788126.6000000015,6387,1,1,0,22.6
2024-07-17,12036.0,5794810.7600000035,6392,1,1,0,22.6
2024-07-18,11999.0,5874739.1,6367,1,1,0,22.6
2024-07-19,12024.0,5657504.289999999,6401,1,1,0,22.6
2024-07-20,12260.0,5856694.560000003,6473,1,1,0,22.6
2024-07-21,12420.0,7849929.070000007,6562,0,0,0,0.0
2024-07-22,12020.0,7535799.550000005,6412,0,0,0,0.0
2024-07-23,11937.0,7354989.360000001,6356,0,0,0,0.0
2024-07-24,12065.0,7378995.220000001,6372,1,0,1,41.5
2024-07-25,12244.0,7452592.940000003,6514,1,0,1,41.5
2024-07-26,11923.0,7354681.270000004,6344,1,0,1,41.5
2024-07-27,11761.0,7449107.480000002,6236,1,0,1,41.5
2024-07-28,11724.0,7170447.800000003,6186,2,0,2,41.5
2024-07-29,12107.0,7486122.510000005,6508,3,0,3,41.5
2024-07-30,12177.0,7321266.430000005,6493,3,0,3,41.5
2024-07-31,11732.0,7528031.980000005,6290,2,0,2,19.5
2024-08-01,13683.0,8513431.240000006,7321,2,0,2,19.5
2024-08-02,13785.0,8457124.05000001,7309,2,0,2,19.5
2024-08-03,13131.0,8063611.600000004,6918,1,0,1,19.5
2024-08-04,13312.0,8163212.269999998,7060,1,0,1,19.5
2024-08-05,13571.0,8402788.210000005,7179,1,0,1,19.5
2024-08-06,13103.0,8184551.970000007,6953,1,0,1,19.5
2024-08-07,13182.0,8184226.830000002,7022,1,0,1,19.5
2024-08-08,12825.0,7997619.760000005,6759,1,0,1,19.5
2024-08-09,13003.0,7967329.860000002,6897,1,0,1,19.5
2024-08-10,13427.0,8164691.390000004,7082,1,0,1,19.5
2024-08-11,13159.0,8050757.300000003,7009,1,0,1,19.5
2024-08-12,13238.0,8473875.330000011,6945,1,0,1,19.5
2024-08-13,13316.0,8386823.180000007,7042,1,0,1,19.5
2024-08-14,13498.0,8325933.920000007,7103,1,0,1,19.5
2024-08-15,13136.0,8089723.560000006,6967,1,0,1,19.5
2024-08-16,12992.0,8018557.280000004,6942,1,0,1,19.5
2024-08-17,13203.0,8365237.410000006,7008,1,0,1,19.5
2024-08-18,13121.0,8034185.200000004,7057,1,0,1,19.5
2024-08-19,12845.0,7895659.570000004,6817,1,0,1,19.5
2024-08-20,13592.0,8164825.310000002,7220,1,0,1,19.5
2024-08-21,13008.0,8390239.050000004,6963,1,0,1,19.5
2024-08-22,12748.0,7895257.780000006,6803,1,0,1,19.5
2024-08-23,14100.0,8787124.490000008,7510,1,0,1,19.5
2024-08-24,12816.0,7945394.200000004,6873,1,0,1,19.5
2024-08-25,12819.0,8006174.840000003,6886,1,0,1,19.5
2024-08-26,13330.0,8238825.490000005,7100,1,0,1,19.5
2024-08-27,13349.0,8340929.400000003,7038,1,0,1,19.5
2024-08-28,13257.0,8129862.650000006,6961,0,0,0,0.0
2024-08-29,13597.0,8376995.050000007,7181,0,0,0,0.0
2024-08-30,13730.0,8576825.250000004,7311,0,0,0,0.0
2024-08-31,13263.0,8528786.710000012,7055,0,0,0,0.0
2024-09-01,14349.0,9002529.32000001,7654,0,0,0,0.0
2024-09-02,13588.0,8433191.870000005,7177,0,0,0,0.0
2024-09-03,13915.0,8672598.410000006,7331,0,0,0,0.0
2024-09-04,14066.0,8915286.040000007,7534,0,0,0,0.0
2024-09-05,13635.0,8461566.530000007,7270,0,0,0,0.0
2024-09-06,13647.0,8271465.590000001,7180,0,0,0,0.0
2024-09-07,13371.0,8081724.520000002,7173,0,0,0,0.0
2024-09-08,14321.0,8830289.890000004,7535,0,0,0,0.0
2024-09-09,13903.0,8563224.050000008,7450,0,0,0,0.0
2024-09-10,13545.0,8354133.940000005,7253,0,0,0,0.0
2024-09-11,14283.0,9109433.669999998,7489,0,0,0,0.0
2024-09-12,13615.0,8446840.010000011,7210,0,0,0,0.0
2024-09-13,13368.0,8223329.390000005,7165,0,0,0,0.0
2024-09-14,13658.0,8444109.130000006,7287,0,0,0,0.0
2024-09-15,13784.0,8580678.120000008,7338,0,0,0,0.0
2024-09-16,13465.0,8365488.390000005,7270,0,0,0,0.0
2024-09-17,13908.0,8476388.950000007,7404,0,0,0,0.0
2024-09-18,13827.0,8578858.160000011,7372,0,0,0,0.0
2024-09-19,13805.0,8431289.920000006,7330,0,0,0,0.0
2024-09-20,13697.0,8515306.580000004,7297,0,0,0,0.0
2024-09-21,13345.0,8178904.060000004,7062,0,0,0,0.0
2024-09-22,13891.0,8614863.150000002,7374,0,0,0,0.0
2024-09-23,13630.0,6240678.89,7298,1,1,0,27.0
2024-09-24,13959.0,6373402.129999999,7420,1,1,0,27.0
2024-09-25,13379.0,6031513.249999997,7067,1,1,0,27.0
2024-09-26,13868.0,6224546.180000002,7273,3,1,2,47.0
2024-09-27,13680.0,6144076.079999999,7316,3,1,2,47.0
2024-09-28,13935.0,6389859.540000001,7379,3,1,2,47.0
2024-09-29,13972.0,6495788.979999998,7407,3,1,2,47.0
2024-09-30,13463.0,6096447.069999998,7174,3,1,2,47.0
2024-10-01,13298.0,6087384.829999998,7093,3,1,2,47.0
2024-10-02,13604.0,6164938.07,7124,3,1,2,47.0
2024-10-03,13561.0,6248261.089999996,7266,3,1,2,47.0
2024-10-04,13213.0,5874533.119999997,7070,3,1,2,47.0
2024-10-05,13228.0,5975905.379999997,7044,3,1,2,47.0
2024-10-06,13278.0,6096457.6099999985,7065,3,1,2,47.0
2024-10-07,13062.0,5991024.219999999,6850,2,1,1,27.0
2024-10-08,13629.0,6194896.659999995,7209,2,1,1,27.0
2024-10-09,13219.0,8189012.140000002,7031,1,0,1,24.8
2024-10-10,13521.0,8372389.590000005,7164,1,0,1,24.8
2024-10-11,13509.0,8306605.550000004,7140,1,0,1,24.8
2024-10-12,12864.0,7727370.100000003,6851,1,0,1,24.8
2024-10-13,13844.0,8509136.300000003,7332,1,0,1,24.8
2024-10-14,12955.0,7954984.860000002,6899,1,0,1,24.8
2024-10-15,13074.0,8155686.290000005,7029,0,0,0,0.0
2024-10-16,13551.0,8471246.370000003,7202,0,0,0,0.0
2024-10-17,13420.0,8457405.540000007,7127,0,0,0,0.0
2024-10-18,13190.0,8229923.130000006,6981,0,0,0,0.0
2024-10-19,13004.0,8281676.560000002,6993,0,0,0,0.0
2024-10-20,13293.0,8156985.170000008,7055,0,0,0,0.0
2024-10-21,13255.0,8260295.890000002,7097,0,0,0,0.0
2024-10-22,13369.0,8162933.860000006,7073,2,0,2,19.2
2024-10-23,13085.0,8109178.370000003,6954,2,0,2,19.2
2024-10-24,13345.0,8290957.810000005,7161,2,0,2,19.2
2024-10-25,12973.0,8041693.540000005,6941,2,0,2,19.2
2024-10-26,13464.0,8195640.390000002,7177,2,0,2,19.2
2024-10-27,12984.0,8030664.120000006,6917,2,0,2,19.2
2024-10-28,13782.0,8561591.88,7241,2,0,2,19.2
2024-10-29,13208.0,8228600.060000002,7047,2,0,2,19.2
2024-10-30,13078.0,7967475.660000005,6973,3,0,3,19.2
2024-10-31,12949.0,8036725.200000003,6987,3,0,3,19.2
2024-11-01,16083.0,9623004.220000008,8510,3,0,3,19.2
2024-11-02,16448.0,10206887.220000014,8705,3,0,3,19.2
2024-11-03,16378.0,10043910.720000006,8725,3,0,3,19.2
2024-11-04,16463.0,10134580.780000003,8641,3,0,3,19.2
2024-11-05,16779.0,10468464.960000008,8843,3,0,3,19.2
2024-11-06,16783.0,10749283.250000011,8917,2,0,2,9.9
2024-11-07,16302.0,10107334.180000009,8654,2,0,2,9.9
2024-11-08,16606.0,10285101.990000004,8793,2,0,2,9.9
2024-11-09,16381.0,10366410.800000003,8625,2,0,2,9.9
2024-11-10,15750.0,9834284.130000014,8325,2,0,2,9.9
2024-11-11,16442.0,10080105.210000006,8752,1,0,1,9.9
2024-11-12,15973.0,9815647.190000014,8520,1,0,1,9.9
2024-11-13,16319.0,10046300.410000008,8749,1,0,1,9.9
2024-11-14,16623.0,10048291.09000001,8783,1,0,1,9.9
2024-11-15,16469.0,10083284.42000001,8773,1,0,1,9.9
2024-11-16,16597.0,10430540.640000008,8918,1,0,1,9.9
2024-11-17,16655.0,10562535.750000011,8679,1,0,1,9.9
2024-11-18,16297.0,10161619.550000004,8637,1,0,1,9.9
2024-11-19,16529.0,10174112.170000002,8777,1,0,1,9.9
2024-11-20,16022.0,9879347.490000006,8581,1,0,1,9.9
2024-11-21,16674.0,10299521.17000001,8831,1,0,1,9.9
2024-11-22,16258.0,10135027.350000005,8594,1,0,1,9.9
2024-11-23,16233.0,9996892.47000001,8622,1,0,1,9.9
2024-11-24,15983.0,10130394.330000011,8445,1,0,1,9.9
2024-11-25,16434.0,10465116.190000009,8741,1,0,1,9.9
2024-11-26,16281.0,9950350.63,8750,1,0,1,9.9
2024-11-27,15963.0,9896080.650000008,8516,0,0,0,0.0
2024-11-28,15834.0,9788096.670000011,8419,0,0,0,0.0
2024-11-29,15875.0,9892845.90000001,8443,0,0,0,0.0
2024-11-30,16370.0,10144484.770000009,8701,0,0,0,0.0
2024-12-01,17818.0,11209931.720000004,9447,0,0,0,0.0
2024-12-02,17533.0,10739013.880000008,9263,0,0,0,0.0
2024-12-03,17615.0,10821976.010000013,9364,0,0,0,0.0
2024-12-04,17609.0,10969922.01000001,9419,0,0,0,0.0
2024-12-05,17994.0,11150524.560000012,9553,0,0,0,0.0
2024-12-06,17363.0,10912854.170000004,9282,0,0,0,0.0
2024-12-07,17749.0,10952646.01000001,9499,0,0,0,0.0
2024-12-08,17617.0,10898923.200000007,9433,0,0,0,0.0
2024-12-09,18056.0,11424334.400000013,9498,0,0,0,0.0
2024-12-10,17909.0,10914078.01000001,9447,0,0,0,0.0
2024-12-11,17730.0,11251765.280000009,9387,0,0,0,0.0
2024-12-12,17976.0,11245545.370000012,9515,0,0,0,0.0
2024-12-13,17742.0,10921679.050000003,9449,0,0,0,0.0
2024-12-14,17647.0,11075156.590000007,9389,0,0,0,0.0
2024-12-15,17342.0,10471516.68000001,9283,0,0,0,0.0
2024-12-16,17492.0,10961718.980000006,9263,0,0,0,0.0
2024-12-17,17621.0,10868912.960000008,9414,0,0,0,0.0
2024-12-18,17750.0,10992767.580000008,9500,0,0,0,0.0
2024-12-19,17598.0,11201317.940000014,9386,0,0,0,0.0
2024-12-20,17744.0,11054096.76000001,9485,0,0,0,0.0
2024-12-21,17429.0,11054656.110000009,9304,0,0,0,0.0
2024-12-22,17817.0,10973145.910000008,9419,0,0,0,0.0
2024-12-23,17829.0,10964324.860000012,9433,0,0,0,0.0
2024-12-24,17664.0,11024632.090000011,9442,0,0,0,0.0
2024-12-25,18314.0,11471788.250000007,9724,0,0,0,0.0
2024-12-26,17536.0,10826244.340000007,9430,0,0,0,0.0
2024-12-27,17740.0,10974146.000000004,9427,0,0,0,0.0
2024-12-28,16981.0,10589024.340000002,9138,0,0,0,0.0
2024-12-29,17725.0,10901200.320000004,9376,0,0,0,0.0
2024-12-30,17725.0,11073978.86000001,9477,0,0,0,0.0
2024-12-31,17700.0,11156902.620000005,9426,0,0,0,0.0
2025-01-01,11295.0,7099498.900000003,6019,0,0,0,0.0
2025-01-02,11272.0,7071857.060000001,6036,0,0,0,0.0
2025-01-03,11490.0,7203228.500000004,6090,0,0,0,0.0
2025-01-04,10733.0,6647188.440000004,5777,0,0,0,0.0
2025-01-05,11113.0,6908829.630000003,5873,0,0,0,0.0
2025-01-06,11016.0,6770696.060000005,5873,1,0,1,43.2
2025-01-07,11642.0,7285171.540000004,6184,1,0,1,43.2
2025-01-08,10983.0,6639217.930000003,5900,1,0,1,43.2
2025-01-09,11182.0,6853302.880000007,5973,1,0,1,43.2
2025-01-10,11223.0,6859385.300000002,6001,1,0,1,43.2
2025-01-11,11303.0,6899092.030000003,6047,1,0,1,43.2
2025-01-12,11273.0,6698087.960000004,5994,1,0,1,43.2
2025-01-13,11169.0,6832458.799999998,5840,1,0,1,43.2
2025-01-14,11443.0,6744300.760000002,6109,2,0,2,43.2
2025-01-15,11548.0,7022898.530000006,6140,2,0,2,43.2
2025-01-16,11301.0,7067405.100000002,6042,2,0,2,43.2
2025-01-17,11379.0,6898592.380000001,6000,2,0,2,43.2
2025-01-18,11423.0,7101819.810000002,6081,2,0,2,43.2
2025-01-19,11332.0,6552273.880000004,6022,3,0,3,43.2
2025-01-20,11190.0,6536319.040000003,6006,3,0,3,43.2
2025-01-21,11546.0,6557531.310000002,6076,3,0,3,43.2
2025-01-22,10990.0,6620345.190000002,5826,3,0,3,43.2
2025-01-23,11752.0,6796575.250000003,6218,3,0,3,43.2
2025-01-24,11510.0,6801207.6800000025,6103,3,0,3,43.2
2025-01-25,11149.0,6458667.660000005,5948,3,0,3,43.2
2025-01-26,11358.0,6646828.380000001,6006,3,0,3,43.2
2025-01-27,11686.0,6902935.570000002,6139,3,0,3,43.2
2025-01-28,11126.0,6605582.720000004,5945,3,0,3,43.2
2025-01-29,11282.0,6587283.750000007,5960,3,0,3,43.2
2025-01-30,11165.0,6800380.180000002,5976,3,0,3,43.2
2025-01-31,11415.0,6876317.980000002,6050,3,0,3,43.2
2025-02-01,11853.0,7056419.130000003,6380,2,0,2,43.2
2025-02-02,11781.0,6898466.170000005,6236,2,0,2,43.2
2025-02-03,11481.0,6982745.590000004,6137,2,0,2,43.2
2025-02-04,11835.0,7015601.670000004,6256,2,0,2,34.9
2025-02-05,11778.0,6856732.740000002,6254,2,0,2,34.9
2025-02-06,11965.0,6901841.180000002,6324,2,0,2,34.9
2025-02-07,11904.0,4047574.080000001,6375,3,1,2,44.3
2025-02-08,11671.0,4055361.510000002,6296,3,1,2,44.3
2025-02-09,11832.0,4208832.210000001,6225,3,1,2,44.3
2025-02-10,11849.0,4270291.669999999,6331,2,1,1,44.3
2025-02-11,11397.0,3928652.2700000023,6070,2,1,1,44.3
2025-02-12,11830.0,4150644.4800000014,6302,3,1,2,44.3
2025-02-13,11886.0,3986065.19,6264,3,1,2,44.3
2025-02-14,11680.0,4188106.580000001,6253,4,1,3,44.3
2025-02-15,12482.0,4391995.070000001,6575,4,1,3,44.3
2025-02-16,11958.0,4128113.6000000024,6367,4,1,3,44.3
2025-02-17,11906.0,4203962.9799999995,6279,4,1,3,44.3
2025-02-18,11615.0,4022226.1000000015,6225,4,1,3,44.3
2025-02-19,11889.0,4111402.0700000017,6326,4,1,3,44.3
2025-02-20,11862.0,4150313.0200000023,6281,4,1,3,44.3
2025-02-21,11363.0,4085590.91,5993,4,1,3,44.3
2025-02-22,11751.0,4128330.4200000004,6305,4,1,3,44.3
2025-02-23,11446.0,3913918.6100000003,6196,4,1,3,44.3
2025-02-24,11708.0,4125518.0400000024,6250,3,1,2,44.3
2025-02-25,11829.0,7326902.040000005,6326,2,0,2,34.7
2025-02-26,11687.0,7088582.300000008,6216,2,0,2,34.7
2025-02-27,11738.0,7275597.760000004,6219,2,0,2,34.7
2025-02-28,12226.0,7453042.990000006,6506,2,0,2,34.7
2025-03-01,12845.0,7855266.700000005,6789,2,0,2,34.7
2025-03-02,12647.0,7783862.600000005,6705,2,0,2,34.7
2025-03-03,12278.0,7563880.690000007,6561,2,0,2,34.7
2025-03-04,13085.0,8066306.930000005,6931,2,0,2,34.7
2025-03-05,12397.0,7908380.650000006,6580,2,0,2,34.7
2025-03-06,12281.0,7849797.950000003,6521,1,0,1,28.7
2025-03-07,13103.0,8095654.430000005,6956,1,0,1,28.7
2025-03-08,12543.0,7764584.160000009,6665,2,0,2,28.7
2025-03-09,13046.0,7911599.840000007,6922,2,0,2,28.7
2025-03-10,12652.0,7622023.750000008,6671,1,0,1,15.1
2025-03-11,12728.0,7780229.570000006,6795,1,0,1,15.1
2025-03-12,12777.0,7853956.2100000065,6724,1,0,1,15.1
2025-03-13,12688.0,7607990.910000009,6779,1,0,1,15.1
2025-03-14,12970.0,7935586.11000001,6862,1,0,1,15.1
2025-03-15,12638.0,7543265.020000007,6742,1,0,1,15.1
2025-03-16,12343.0,7491092.23,6639,1,0,1,15.1
2025-03-17,12345.0,7472968.320000008,6614,1,0,1,15.1
2025-03-18,13128.0,7910065.730000006,6959,1,0,1,15.1
2025-03-19,12623.0,7511097.770000009,6776,1,0,1,15.1
2025-03-20,12355.0,7362195.390000006,6688,1,0,1,15.1
2025-03-21,12343.0,7336288.9600000065,6602,1,0,1,15.1
2025-03-22,12275.0,7587480.880000004,6553,1,0,1,15.1
2025-03-23,12298.0,7423908.120000005,6595,1,0,1,15.1
2025-03-24,13078.0,7952037.750000006,6900,2,0,2,30.2
2025-03-25,12837.0,7691621.520000003,6825,2,0,2,30.2
2025-03-26,12497.0,7470390.660000005,6727,2,0,2,30.2
2025-03-27,12714.0,7796366.550000006,6785,2,0,2,30.2
2025-03-28,12272.0,7406561.420000007,6504,2,0,2,30.2
2025-03-29,12648.0,7545528.620000009,6739,2,0,2,30.2
2025-03-30,12536.0,7366622.880000006,6724,2,0,2,30.2
2025-03-31,13434.0,8338918.060000008,7131,2,0,2,30.2
2025-04-01,13542.0,8293828.250000008,7196,2,0,2,30.2
2025-04-02,13111.0,7786967.040000011,7012,2,0,2,30.2
2025-04-03,12588.0,7809874.040000003,6730,1,0,1,30.2
2025-04-04,12736.0,7882263.000000007,6772,1,0,1,30.2
2025-04-05,12772.0,7887834.160000008,6821,1,0,1,30.2
2025-04-06,13605.0,8283691.400000006,7159,1,0,1,30.2
2025-04-07,12938.0,7898386.140000008,6896,1,0,1,30.2
2025-04-08,12846.0,8061631.710000001,6827,1,0,1,30.2
2025-04-09,13039.0,8040756.8400000045,6954,1,0,1,30.2
2025-04-10,13045.0,8027097.420000007,6955,1,0,1,30.2
2025-04-11,13664.0,8668531.790000007,7207,1,0,1,30.2
2025-04-12,13559.0,8362256.590000009,7149,1,0,1,30.2
2025-04-13,12762.0,8016848.0900000045,6709,1,0,1,30.2
2025-04-14,13343.0,8348355.4200000055,7081,1,0,1,30.2
2025-04-15,12810.0,8008228.160000007,6812,0,0,0,0.0
2025-04-16,12664.0,7666300.370000005,6748,0,0,0,0.0
2025-04-17,12922.0,7949397.830000005,6818,0,0,0,0.0
2025-04-18,13644.0,8598494.770000007,7231,0,0,0,0.0
2025-04-19,13484.0,8265836.770000008,7148,0,0,0,0.0
2025-04-20,13637.0,8425067.910000006,7283,0,0,0,0.0
2025-04-21,13173.0,8357571.39000001,6982,0,0,0,0.0
2025-04-22,13341.0,8078579.990000004,7093,1,0,1,23.7
2025-04-23,12903.0,7986238.660000007,6801,1,0,1,23.7
2025-04-24,13129.0,8169746.780000003,6945,1,0,1,23.7
2025-04-25,12732.0,7790665.020000007,6800,1,0,1,23.7
2025-04-26,13444.0,8360048.240000007,7162,1,0,1,23.7
2025-04-27,12903.0,7851752.0100000035,6840,1,0,1,23.7
2025-04-28,13137.0,8161562.700000007,6980,1,0,1,23.7
2025-04-29,13123.0,8199335.360000006,6943,1,0,1,23.7
2025-04-30,13130.0,7709999.480000005,7031,2,0,2,23.7
2025-05-01,13396.0,8297732.750000003,7147,2,0,2,23.7
2025-05-02,13248.0,8151671.470000006,7031,1,0,1,10.2
2025-05-03,13517.0,8549135.640000004,7205,1,0,1,10.2
2025-05-04,12705.0,7689526.430000003,6791,2,0,2,19.5
2025-05-05,13559.0,8457238.920000004,7210,2,0,2,19.5
2025-05-06,14242.0,8729062.070000004,7551,2,0,2,19.5
2025-05-07,13043.0,8108808.050000004,6901,2,0,2,19.5
2025-05-08,13140.0,8219858.700000002,6964,2,0,2,19.5
2025-05-09,12792.0,7999273.380000005,6759,2,0,2,19.5
2025-05-10,12881.0,7969207.890000008,6892,2,0,2,19.5
2025-05-11,13398.0,8296050.060000002,7093,2,0,2,19.5
2025-05-12,13680.0,8490427.050000008,7196,2,0,2,19.5
2025-05-13,13420.0,8435816.850000005,7101,2,0,2,19.5
2025-05-14,13439.0,8383505.730000003,7092,2,0,2,19.5
2025-05-15,12957.0,8132405.8100000005,6854,2,0,2,19.5
2025-05-16,12700.0,8011597.180000004,6793,2,0,2,19.5
2025-05-17,13575.0,8264775.900000006,7198,3,0,3,28.7
2025-05-18,13149.0,8048912.410000005,6917,3,0,3,28.7
2025-05-19,13291.0,8349923.29000001,7068,3,0,3,28.7
2025-05-20,13475.0,8235980.230000004,7131,3,0,3,28.7
2025-05-21,13283.0,8087263.340000004,7162,3,0,3,28.7
2025-05-22,13248.0,8107563.840000007,7008,3,0,3,28.7
2025-05-23,13094.0,8222136.230000008,6953,3,0,3,28.7
2025-05-24,13459.0,8262226.600000001,7110,1,0,1,10.2
2025-05-25,13092.0,7946582.670000004,7003,1,0,1,10.2
2025-05-26,13459.0,8275033.350000004,7128,2,0,2,20.8
2025-05-27,13167.0,8294170.430000006,6942,1,0,1,20.8
2025-05-28,13199.0,8280810.150000004,7132,1,0,1,20.8
2025-05-29,13230.0,8080934.650000003,6988,1,0,1,20.8
2025-05-30,13742.0,8515912.890000004,7250,1,0,1,20.8
2025-05-31,13710.0,8498986.920000006,7314,1,0,1,20.8
2025-06-01,13767.0,8615412.45000001,7313,1,0,1,20.8
2025-06-02,13806.0,8531808.440000009,7343,0,0,0,0.0
2025-06-03,14192.0,8935033.420000004,7603,0,0,0,0.0
2025-06-04,13937.0,8659075.840000007,7381,0,0,0,0.0
2025-06-05,14079.0,8639363.280000003,7511,0,0,0,0.0
2025-06-06,13769.0,8540104.450000003,7309,0,0,0,0.0
2025-06-07,13574.0,8110597.350000009,7311,1,0,1,15.9
2025-06-08,13951.0,8739965.210000008,7444,1,0,1,15.9
2025-06-09,13786.0,8426353.09,7342,1,0,1,15.9
2025-06-10,13625.0,8483876.180000003,7301,1,0,1,15.9
2025-06-11,13565.0,8576265.090000005,7241,1,0,1,15.9
2025-06-12,13760.0,8470761.990000011,7356,1,0,1,15.9
2025-06-13,14012.0,8595472.930000005,7478,1,0,1,15.9
2025-06-14,13864.0,8523742.18000001,7312,1,0,1,15.9
2025-06-15,13732.0,8618119.970000003,7288,1,0,1,15.9
2025-06-16,13774.0,8652228.230000004,7278,1,0,1,15.9
2025-06-17,13577.0,8218930.640000003,7231,1,0,1,15.9
2025-06-18,13439.0,8321002.570000004,7233,0,0,0,0.0
2025-06-19,13782.0,8611455.700000005,7328,0,0,0,0.0
2025-06-20,13914.0,8709225.950000007,7437,0,0,0,0.0
2025-06-21,13879.0,8625170.24,7323,1,0,1,21.2
2025-06-22,13458.0,8102606.420000004,7176,1,0,1,21.2
2025-06-23,13645.0,8415334.100000005,7258,1,0,1,21.2
2025-06-24,14084.0,8766582.440000001,7583,1,0,1,21.2
2025-06-25,14063.0,8700086.800000008,7459,1,0,1,21.2
2025-06-26,13432.0,8302083.260000005,7143,1,0,1,21.2
2025-06-27,13616.0,8311303.190000002,7333,1,0,1,21.2
2025-06-28,13781.0,8523407.940000001,7389,1,0,1,21.2
2025-06-29,13958.0,8577916.120000007,7401,1,0,1,21.2
2025-06-30,13598.0,8307892.350000002,7129,1,0,1,21.2
2025-07-01,12980.0,8089499.640000006,6794,1,0,1,21.2
2025-07-02,12651.0,7680738.340000003,6700,1,0,1,21.2
2025-07-03,12902.0,8024259.379999999,6808,1,0,1,21.2
2025-07-04,12991.0,8121493.040000004,6849,1,0,1,21.2
2025-07-05,12217.0,7523288.590000004,6539,1,0,1,21.2
2025-07-06,12428.0,7468561.340000005,6634,1,0,1,21.2
2025-07-07,12578.0,7626629.780000005,6632,1,0,1,21.2
2025-07-08,12808.0,7918990.490000007,6761,1,0,1,21.2
2025-07-09,12578.0,7727720.160000002,6663,1,0,1,21.2
2025-07-10,12611.0,7806553.210000005,6679,1,0,1,21.2
2025-07-11,12885.0,8093362.380000003,6800,0,0,0,0.0
2025-07-12,13293.0,8342286.049999998,7050,0,0,0,0.0
2025-07-13,12335.0,7774258.960000007,6583,0,0,0,0.0
2025-07-14,12515.0,7663886.010000005,6672,0,0,0,0.0
2025-07-15,13068.0,8340457.040000004,6932,0,0,0,0.0
2025-07-16,12608.0,7686562.450000006,6688,1,0,1,21.0
2025-07-17,12938.0,8166155.060000005,6845,1,0,1,21.0
2025-07-18,12915.0,8075383.290000004,6875,1,0,1,21.0
2025-07-19,12901.0,8117649.210000005,6901,1,0,1,21.0
2025-07-20,12556.0,7940300.280000003,6617,1,0,1,21.0
2025-07-21,12282.0,7521267.250000004,6575,1,0,1,21.0
2025-07-22,12812.0,7937078.010000009,6788,1,0,1,21.0
2025-07-23,12342.0,7753700.240000008,6564,1,0,1,21.0
2025-07-24,12624.0,7104824.170000001,6734,2,0,2,48.3
2025-07-25,12137.0,6784901.02,6533,2,0,2,48.3
2025-07-26,12780.0,7605195.789999998,6782,2,0,2,48.3
2025-07-27,12467.0,7096361.129999999,6618,2,0,2,48.3
2025-07-28,13136.0,7597921.139999995,6972,2,0,2,48.3
2025-07-29,12495.0,7231969.649999995,6657,3,0,3,49.6
2025-07-30,13127.0,7516790.869999999,6882,2,0,2,49.6
2025-07-31,12277.0,7032612.359999999,6520,2,0,2,49.6
2025-08-01,13752.0,7903781.049999999,7258,2,0,2,49.6
2025-08-02,14145.0,8098286.169999998,7452,3,0,3,49.6
2025-08-03,13669.0,7834455.169999998,7251,3,0,3,49.6
2025-08-04,13752.0,7791009.749999999,7336,3,0,3,49.6
2025-08-05,14015.0,7158669.2099999925,7495,4,0,4,49.6
2025-08-06,13634.0,7016066.699999995,7242,4,0,4,49.6
2025-08-07,14007.0,7288373.539999997,7487,4,0,4,49.6
2025-08-08,13975.0,7133504.339999996,7354,4,0,4,49.6
2025-08-09,13695.0,7166046.039999997,7252,4,0,4,49.6
2025-08-10,14362.0,7330349.409999998,7678,4,0,4,49.6
2025-08-11,14117.0,7185906.949999995,7548,4,0,4,49.6
2025-08-12,13791.0,6960721.579999996,7322,4,0,4,49.6
2025-08-13,13741.0,6903137.559999999,7409,4,0,4,49.6
2025-08-14,13967.0,7658931.220000003,7491,3,0,3,49.6
2025-08-15,14033.0,7672206.470000004,7530,3,0,3,49.6
2025-08-16,13754.0,7698614.480000005,7310,3,0,3,49.6
2025-08-17,13257.0,7227638.580000005,7148,3,0,3,49.6
2025-08-18,13942.0,7752553.3100000005,7454,3,0,3,49.6
2025-08-19,14003.0,7747502.300000003,7449,3,0,3,49.6
2025-08-20,14460.0,8062370.430000005,7627,3,0,3,49.6
2025-08-21,13776.0,8178847.2200000025,7367,2,0,2,49.6
2025-08-22,14000.0,8798361.160000006,7393,1,0,1,49.6
2025-08-23,13864.0,8506694.770000001,7347,1,0,1,49.6
2025-08-24,14116.0,8566166.550000006,7507,1,0,1,49.6
2025-08-25,14024.0,8595964.590000007,7448,1,0,1,49.6
2025-08-26,13902.0,8550366.080000008,7343,1,0,1,49.6
2025-08-27,13955.0,8462408.830000004,7380,1,0,1,49.6
2025-08-28,13851.0,8678541.030000009,7399,0,0,0,0.0
2025-08-29,13959.0,8636692.100000009,7462,0,0,0,0.0
2025-08-30,14063.0,8570659.930000009,7514,0,0,0,0.0
2025-08-31,14327.0,8781671.210000005,7596,0,0,0,0.0
2025-09-01,14545.0,9015626.860000005,7646,0,0,0,0.0
2025-09-02,14244.0,8934144.010000004,7610,0,0,0,0.0
2025-09-03,14458.0,9191975.210000006,7675,0,0,0,0.0
2025-09-04,14408.0,8906039.680000007,7649,0,0,0,0.0
2025-09-05,15142.0,9422463.830000008,7993,0,0,0,0.0
2025-09-06,14211.0,9015370.350000009,7675,0,0,0,0.0
2025-09-07,14003.0,8469922.230000006,7432,0,0,0,0.0
2025-09-08,14679.0,9260189.050000012,7744,0,0,0,0.0
2025-09-09,14423.0,8828981.940000001,7654,0,0,0,0.0
2025-09-10,15120.0,9522638.720000008,8017,0,0,0,0.0
2025-09-11,14588.0,9233749.950000005,7668,1,0,1,8.5
2025-09-12,15124.0,9085568.980000008,7978,1,0,1,8.5
2025-09-13,14538.0,8991414.87000001,7737,1,0,1,8.5
2025-09-14,14532.0,8937616.690000005,7652,1,0,1,8.5
2025-09-15,15100.0,9280886.780000009,7940,1,0,1,8.5
2025-09-16,14679.0,9344500.790000007,7786,1,0,1,8.5
2025-09-17,14139.0,8688346.600000009,7545,1,0,1,8.5
2025-09-18,14876.0,9236381.220000008,7960,2,0,2,11.1
2025-09-19,13922.0,8510847.250000006,7480,2,0,2,11.1
2025-09-20,14579.0,8819910.660000004,7771,2,0,2,11.1
2025-09-21,14785.0,8923985.300000012,7843,2,0,2,11.1
2025-09-22,14088.0,8697667.540000003,7623,2,0,2,11.1
2025-09-23,14557.0,8834629.510000004,7754,2,0,2,11.1
2025-09-24,14251.0,8794158.300000003,7641,2,0,2,11.1
2025-09-25,14884.0,9171103.400000006,7772,2,0,2,11.1
2025-09-26,14176.0,8821061.010000007,7575,2,0,2,11.1
2025-09-27,14255.0,8653763.070000004,7665,2,0,2,11.1
2025-09-28,14284.0,8946856.640000006,7642,2,0,2,11.1
2025-09-29,14398.0,8800167.650000006,7663,2,0,2,11.1
2025-09-30,14498.0,8838364.500000007,7668,2,0,2,11.1
2025-10-01,13753.0,8396643.190000005,7274,2,0,2,11.1
2025-10-02,13736.0,8595748.510000002,7345,2,0,2,11.1
2025-10-03,14152.0,8653940.860000009,7583,2,0,2,11.1
2025-10-04,13460.0,8404010.490000006,7139,2,0,2,11.1
2025-10-05,14038.0,8728842.64000001,7527,1,0,1,8.5
2025-10-06,14081.0,8568323.730000008,7504,1,0,1,8.5
2025-10-07,14594.0,9207007.100000009,7715,1,0,1,8.5
2025-10-08,14317.0,8940643.230000006,7536,1,0,1,8.5
2025-10-09,13802.0,8596075.750000007,7309,1,0,1,8.5
2025-10-10,13703.0,8310558.320000007,7313,0,0,0,0.0
2025-10-11,13866.0,8984960.960000005,7355,0,0,0,0.0
2025-10-12,14134.0,8815174.750000004,7424,0,0,0,0.0
2025-10-13,13708.0,8544868.080000008,7390,0,0,0,0.0
2025-10-14,14502.0,9034211.97000001,7652,1,0,1,49.0
2025-10-15,13690.0,8474338.800000006,7317,1,0,1,49.0
2025-10-16,14118.0,8671522.200000007,7471,1,0,1,49.0
2025-10-17,13175.0,7846041.280000009,7115,1,0,1,49.0
2025-10-18,14065.0,8699455.690000009,7512,1,0,1,49.0
2025-10-19,13862.0,8323949.150000007,7426,2,0,2,49.0
2025-10-20,14029.0,8508896.090000004,7414,2,0,2,49.0
2025-10-21,13443.0,8237969.320000008,7191,2,0,2,49.0
2025-10-22,13432.0,7920120.500000003,7182,2,0,2,49.0
2025-10-23,13431.0,8120981.500000007,7071,1,0,1,32.6
2025-10-24,13644.0,8499528.430000003,7296,1,0,1,32.6
2025-10-25,13484.0,8255162.010000002,7138,1,0,1,32.6
2025-10-26,13811.0,8556033.96,7315,1,0,1,32.6
2025-10-27,13451.0,8403029.880000006,7145,1,0,1,32.6
2025-10-28,13536.0,8441566.420000007,7165,1,0,1,32.6
2025-10-29,13495.0,8237464.420000005,7109,1,0,1,32.6
2025-10-30,13893.0,8656378.930000007,7475,1,0,1,32.6
2025-10-31,13801.0,8527550.940000005,7377,1,0,1,32.6
2025-11-01,17062.0,10894666.370000001,9106,1,0,1,32.6
2025-11-02,15940.0,10192089.860000007,8433,1,0,1,32.6
2025-11-03,16313.0,10416029.5,8674,1,0,1,32.6
2025-11-04,16371.0,10098840.100000007,8695,1,0,1,32.6
2025-11-05,16650.0,10584532.830000008,8849,1,0,1,32.6
2025-11-06,16124.0,10007073.000000007,8629,1,0,1,32.6
2025-11-07,16169.0,10111059.790000007,8651,1,0,1,32.6
2025-11-08,16774.0,10580947.560000006,8923,1,0,1,32.6
2025-11-09,16087.0,10011072.490000008,8539,1,0,1,32.6
2025-11-10,16713.0,10513467.750000006,8875,1,0,1,32.6
2025-11-11,16259.0,10032012.040000007,8627,1,0,1,32.6
2025-11-12,16533.0,10402835.180000003,8811,1,0,1,32.6
2025-11-13,15879.0,8802466.060000002,8515,1,0,1,44.9
2025-11-14,16107.0,8863379.050000004,8479,1,0,1,44.9
2025-11-15,16456.0,9291368.060000012,8824,1,0,1,44.9
2025-11-16,15511.0,8932437.110000007,8221,1,0,1,44.9
2025-11-17,15702.0,8925184.45,8246,1,0,1,44.9
2025-11-18,16446.0,9123343.720000003,8614,1,0,1,44.9
2025-11-19,15885.0,8877990.790000005,8435,1,0,1,44.9
2025-11-20,16494.0,9406403.81,8778,1,0,1,44.9
2025-11-21,16486.0,9042394.830000004,8741,1,0,1,44.9
2025-11-22,16372.0,9948849.250000004,8617,0,0,0,0.0
2025-11-23,15881.0,9594787.48000001,8385,0,0,0,0.0
2025-11-24,16030.0,9781881.34000001,8474,0,0,0,0.0
2025-11-25,15908.0,9950073.190000007,8505,0,0,0,0.0
2025-11-26,15725.0,9801535.430000007,8381,0,0,0,0.0
2025-11-27,16314.0,9984383.860000007,8710,0,0,0,0.0
2025-11-28,16261.0,10027241.470000006,8631,0,0,0,0.0
2025-11-29,16344.0,9975156.610000005,8674,0,0,0,0.0
2025-11-30,16219.0,10279993.200000005,8659,0,0,0,0.0
2025-12-01,17491.0,10769551.870000008,9504,0,0,0,0.0
2025-12-02,17851.0,11009305.370000005,9530,0,0,0,0.0
2025-12-03,17666.0,10906946.670000006,9482,0,0,0,0.0
2025-12-04,18464.0,11429707.540000007,9763,0,0,0,0.0
2025-12-05,17593.0,10725566.590000011,9333,0,0,0,0.0
2025-12-06,18222.0,11258421.400000004,9715,0,0,0,0.0
2025-12-07,18338.0,11571428.52000001,9708,0,0,0,0.0
2025-12-08,17863.0,10984899.830000002,9486,0,0,0,0.0
2025-12-09,17669.0,10860301.070000002,9338,0,0,0,0.0
2025-12-10,17895.0,11109893.910000004,9541,0,0,0,0.0
2025-12-11,17274.0,10696370.810000012,9298,0,0,0,0.0
2025-12-12,17930.0,11236297.880000016,9474,0,0,0,0.0
2025-12-13,18471.0,11675594.490000008,9830,0,0,0,0.0
2025-12-14,17756.0,11230087.77000001,9489,0,0,0,0.0
2025-12-15,18318.0,11210553.310000014,9776,0,0,0,0.0
2025-12-16,17957.0,11121451.280000016,9584,0,0,0,0.0
2025-12-17,18444.0,11800593.310000008,9778,0,0,0,0.0
2025-12-18,18026.0,11116606.090000007,9543,0,0,0,0.0
2025-12-19,18516.0,11584105.780000012,9883,0,0,0,0.0
2025-12-20,18636.0,11686928.010000017,9878,0,0,0,0.0
2025-12-21,18536.0,11420300.58000001,9769,0,0,0,0.0
2025-12-22,19088.0,11890497.290000014,10069,0,0,0,0.0
2025-12-23,18247.0,11616587.810000015,9675,0,0,0,0.0
2025-12-24,18487.0,11596474.480000013,9741,0,0,0,0.0
2025-12-25,18047.0,11553981.110000012,9640,0,0,0,0.0
2025-12-26,18024.0,11320826.410000013,9693,0,0,0,0.0
2025-12-27,18070.0,11150223.50000001,9566,0,0,0,0.0
2025-12-28,18156.0,11362627.860000003,9733,0,0,0,0.0
2025-12-29,18719.0,11784706.790000001,9916,0,0,0,0.0
2025-12-30,18211.0,11765631.540000012,9755,0,0,0,0.0
2025-12-31,18180.0,11301359.700000007,9680,0,0,0,0.0
